-- phpMyAdmin SQL Dump
-- version 4.5.4.1deb2ubuntu2.1
-- http://www.phpmyadmin.net
--
-- Host: localhost
-- Generation Time: Sep 20, 2018 at 06:13 PM
-- Server version: 5.7.23-0ubuntu0.16.04.1
-- PHP Version: 7.0.32-0ubuntu0.16.04.1

SET SQL_MODE = "NO_AUTO_VALUE_ON_ZERO";
SET time_zone = "+00:00";


/*!40101 SET @OLD_CHARACTER_SET_CLIENT=@@CHARACTER_SET_CLIENT */;
/*!40101 SET @OLD_CHARACTER_SET_RESULTS=@@CHARACTER_SET_RESULTS */;
/*!40101 SET @OLD_COLLATION_CONNECTION=@@COLLATION_CONNECTION */;
/*!40101 SET NAMES utf8mb4 */;

--
-- Database: `apap_tugas`
--
CREATE DATABASE IF NOT EXISTS `apap_tugas` DEFAULT CHARACTER SET latin1 COLLATE latin1_swedish_ci;
USE `apap_tugas`;

-- --------------------------------------------------------

--
-- Table structure for table `instansi`
--

DROP TABLE IF EXISTS `instansi`;
CREATE TABLE `instansi` (
  `id` bigint(20) NOT NULL,
  `nama` varchar(255) NOT NULL,
  `deskripsi` varchar(255) NOT NULL,
  `id_provinsi` bigint(20) NOT NULL
) ENGINE=InnoDB DEFAULT CHARSET=latin1;

--
-- Truncate table before insert `instansi`
--

TRUNCATE TABLE `instansi`;
--
-- Dumping data for table `instansi`
--

INSERT INTO `instansi` (`id`, `nama`, `deskripsi`, `id_provinsi`) VALUES
(1101, 'Dinas Pertanian & Perikanan', 'Kantor Dinas Pertanian & Perikanan', 11),
(1102, 'Dinas Kebudayaan & Pariwisata', 'Kantor Dinas Kebudayaan & Pariwisata', 11),
(1103, 'Dinas Kependudukan & Catatan Sipil', 'Kantor Dinas Kependudukan & Catatan Sipil', 11),
(1104, 'Dinas Pekerjaan Umum & Penataan Ruang', 'Kantor Dinas Pekerjaan Umum & Penataan Ruang', 11),
(1105, 'Dinas Perhubungan', 'Kantor Dinas Perhubungan', 11),
(1201, 'Dinas Pertanian & Perikanan', 'Kantor Dinas Pertanian & Perikanan', 12),
(1202, 'Dinas Kebudayaan & Pariwisata', 'Kantor Dinas Kebudayaan & Pariwisata', 12),
(1203, 'Dinas Kependudukan & Catatan Sipil', 'Kantor Dinas Kependudukan & Catatan Sipil', 12),
(1204, 'Dinas Pekerjaan Umum & Penataan Ruang', 'Kantor Dinas Pekerjaan Umum & Penataan Ruang', 12),
(1205, 'Dinas Perhubungan', 'Kantor Dinas Perhubungan', 12),
(1301, 'Dinas Pertanian & Perikanan', 'Kantor Dinas Pertanian & Perikanan', 13),
(1302, 'Dinas Kebudayaan & Pariwisata', 'Kantor Dinas Kebudayaan & Pariwisata', 13),
(1303, 'Dinas Kependudukan & Catatan Sipil', 'Kantor Dinas Kependudukan & Catatan Sipil', 13),
(1304, 'Dinas Pekerjaan Umum & Penataan Ruang', 'Kantor Dinas Pekerjaan Umum & Penataan Ruang', 13),
(1305, 'Dinas Perhubungan', 'Kantor Dinas Perhubungan', 13),
(1401, 'Dinas Pertanian & Perikanan', 'Kantor Dinas Pertanian & Perikanan', 14),
(1402, 'Dinas Kebudayaan & Pariwisata', 'Kantor Dinas Kebudayaan & Pariwisata', 14),
(1403, 'Dinas Kependudukan & Catatan Sipil', 'Kantor Dinas Kependudukan & Catatan Sipil', 14),
(1404, 'Dinas Pekerjaan Umum & Penataan Ruang', 'Kantor Dinas Pekerjaan Umum & Penataan Ruang', 14),
(1405, 'Dinas Perhubungan', 'Kantor Dinas Perhubungan', 14),
(1501, 'Dinas Pertanian & Perikanan', 'Kantor Dinas Pertanian & Perikanan', 15),
(1502, 'Dinas Kebudayaan & Pariwisata', 'Kantor Dinas Kebudayaan & Pariwisata', 15),
(1503, 'Dinas Kependudukan & Catatan Sipil', 'Kantor Dinas Kependudukan & Catatan Sipil', 15),
(1504, 'Dinas Pekerjaan Umum & Penataan Ruang', 'Kantor Dinas Pekerjaan Umum & Penataan Ruang', 15),
(1505, 'Dinas Perhubungan', 'Kantor Dinas Perhubungan', 15),
(1601, 'Dinas Pertanian & Perikanan', 'Kantor Dinas Pertanian & Perikanan', 16),
(1602, 'Dinas Kebudayaan & Pariwisata', 'Kantor Dinas Kebudayaan & Pariwisata', 16),
(1603, 'Dinas Kependudukan & Catatan Sipil', 'Kantor Dinas Kependudukan & Catatan Sipil', 16),
(1604, 'Dinas Pekerjaan Umum & Penataan Ruang', 'Kantor Dinas Pekerjaan Umum & Penataan Ruang', 16),
(1605, 'Dinas Perhubungan', 'Kantor Dinas Perhubungan', 16),
(1701, 'Dinas Pertanian & Perikanan', 'Kantor Dinas Pertanian & Perikanan', 17),
(1702, 'Dinas Kebudayaan & Pariwisata', 'Kantor Dinas Kebudayaan & Pariwisata', 17),
(1703, 'Dinas Kependudukan & Catatan Sipil', 'Kantor Dinas Kependudukan & Catatan Sipil', 17),
(1704, 'Dinas Pekerjaan Umum & Penataan Ruang', 'Kantor Dinas Pekerjaan Umum & Penataan Ruang', 17),
(1705, 'Dinas Perhubungan', 'Kantor Dinas Perhubungan', 17),
(1801, 'Dinas Pertanian & Perikanan', 'Kantor Dinas Pertanian & Perikanan', 18),
(1802, 'Dinas Kebudayaan & Pariwisata', 'Kantor Dinas Kebudayaan & Pariwisata', 18),
(1803, 'Dinas Kependudukan & Catatan Sipil', 'Kantor Dinas Kependudukan & Catatan Sipil', 18),
(1804, 'Dinas Pekerjaan Umum & Penataan Ruang', 'Kantor Dinas Pekerjaan Umum & Penataan Ruang', 18),
(1805, 'Dinas Perhubungan', 'Kantor Dinas Perhubungan', 18),
(1901, 'Dinas Pertanian & Perikanan', 'Kantor Dinas Pertanian & Perikanan', 19),
(1902, 'Dinas Kebudayaan & Pariwisata', 'Kantor Dinas Kebudayaan & Pariwisata', 19),
(1903, 'Dinas Kependudukan & Catatan Sipil', 'Kantor Dinas Kependudukan & Catatan Sipil', 19),
(1904, 'Dinas Pekerjaan Umum & Penataan Ruang', 'Kantor Dinas Pekerjaan Umum & Penataan Ruang', 19),
(1905, 'Dinas Perhubungan', 'Kantor Dinas Perhubungan', 19),
(2101, 'Dinas Pertanian & Perikanan', 'Kantor Dinas Pertanian & Perikanan', 21),
(2102, 'Dinas Kebudayaan & Pariwisata', 'Kantor Dinas Kebudayaan & Pariwisata', 21),
(2103, 'Dinas Kependudukan & Catatan Sipil', 'Kantor Dinas Kependudukan & Catatan Sipil', 21),
(2104, 'Dinas Pekerjaan Umum & Penataan Ruang', 'Kantor Dinas Pekerjaan Umum & Penataan Ruang', 21),
(2105, 'Dinas Perhubungan', 'Kantor Dinas Perhubungan', 21),
(3101, 'Dinas Pertanian & Perikanan', 'Kantor Dinas Pertanian & Perikanan', 31),
(3102, 'Dinas Kebudayaan & Pariwisata', 'Kantor Dinas Kebudayaan & Pariwisata', 31),
(3103, 'Dinas Kependudukan & Catatan Sipil', 'Kantor Dinas Kependudukan & Catatan Sipil', 31),
(3104, 'Dinas Pekerjaan Umum & Penataan Ruang', 'Kantor Dinas Pekerjaan Umum & Penataan Ruang', 31),
(3105, 'Dinas Perhubungan', 'Kantor Dinas Perhubungan', 31),
(3201, 'Dinas Pertanian & Perikanan', 'Kantor Dinas Pertanian & Perikanan', 32),
(3202, 'Dinas Kebudayaan & Pariwisata', 'Kantor Dinas Kebudayaan & Pariwisata', 32),
(3203, 'Dinas Kependudukan & Catatan Sipil', 'Kantor Dinas Kependudukan & Catatan Sipil', 32),
(3204, 'Dinas Pekerjaan Umum & Penataan Ruang', 'Kantor Dinas Pekerjaan Umum & Penataan Ruang', 32),
(3205, 'Dinas Perhubungan', 'Kantor Dinas Perhubungan', 32),
(3301, 'Dinas Pertanian & Perikanan', 'Kantor Dinas Pertanian & Perikanan', 33),
(3302, 'Dinas Kebudayaan & Pariwisata', 'Kantor Dinas Kebudayaan & Pariwisata', 33),
(3303, 'Dinas Kependudukan & Catatan Sipil', 'Kantor Dinas Kependudukan & Catatan Sipil', 33),
(3304, 'Dinas Pekerjaan Umum & Penataan Ruang', 'Kantor Dinas Pekerjaan Umum & Penataan Ruang', 33),
(3305, 'Dinas Perhubungan', 'Kantor Dinas Perhubungan', 33),
(3401, 'Dinas Pertanian & Perikanan', 'Kantor Dinas Pertanian & Perikanan', 34),
(3402, 'Dinas Kebudayaan & Pariwisata', 'Kantor Dinas Kebudayaan & Pariwisata', 34),
(3403, 'Dinas Kependudukan & Catatan Sipil', 'Kantor Dinas Kependudukan & Catatan Sipil', 34),
(3404, 'Dinas Pekerjaan Umum & Penataan Ruang', 'Kantor Dinas Pekerjaan Umum & Penataan Ruang', 34),
(3405, 'Dinas Perhubungan', 'Kantor Dinas Perhubungan', 34),
(3501, 'Dinas Pertanian & Perikanan', 'Kantor Dinas Pertanian & Perikanan', 35),
(3502, 'Dinas Kebudayaan & Pariwisata', 'Kantor Dinas Kebudayaan & Pariwisata', 35),
(3503, 'Dinas Kependudukan & Catatan Sipil', 'Kantor Dinas Kependudukan & Catatan Sipil', 35),
(3504, 'Dinas Pekerjaan Umum & Penataan Ruang', 'Kantor Dinas Pekerjaan Umum & Penataan Ruang', 35),
(3505, 'Dinas Perhubungan', 'Kantor Dinas Perhubungan', 35),
(3601, 'Dinas Pertanian & Perikanan', 'Kantor Dinas Pertanian & Perikanan', 36),
(3602, 'Dinas Kebudayaan & Pariwisata', 'Kantor Dinas Kebudayaan & Pariwisata', 36),
(3603, 'Dinas Kependudukan & Catatan Sipil', 'Kantor Dinas Kependudukan & Catatan Sipil', 36),
(3604, 'Dinas Pekerjaan Umum & Penataan Ruang', 'Kantor Dinas Pekerjaan Umum & Penataan Ruang', 36),
(3605, 'Dinas Perhubungan', 'Kantor Dinas Perhubungan', 36),
(5101, 'Dinas Pertanian & Perikanan', 'Kantor Dinas Pertanian & Perikanan', 51),
(5102, 'Dinas Kebudayaan & Pariwisata', 'Kantor Dinas Kebudayaan & Pariwisata', 51),
(5103, 'Dinas Kependudukan & Catatan Sipil', 'Kantor Dinas Kependudukan & Catatan Sipil', 51),
(5104, 'Dinas Pekerjaan Umum & Penataan Ruang', 'Kantor Dinas Pekerjaan Umum & Penataan Ruang', 51),
(5105, 'Dinas Perhubungan', 'Kantor Dinas Perhubungan', 51),
(5201, 'Dinas Pertanian & Perikanan', 'Kantor Dinas Pertanian & Perikanan', 52),
(5202, 'Dinas Kebudayaan & Pariwisata', 'Kantor Dinas Kebudayaan & Pariwisata', 52),
(5203, 'Dinas Kependudukan & Catatan Sipil', 'Kantor Dinas Kependudukan & Catatan Sipil', 52),
(5204, 'Dinas Pekerjaan Umum & Penataan Ruang', 'Kantor Dinas Pekerjaan Umum & Penataan Ruang', 52),
(5205, 'Dinas Perhubungan', 'Kantor Dinas Perhubungan', 52),
(5301, 'Dinas Pertanian & Perikanan', 'Kantor Dinas Pertanian & Perikanan', 53),
(5302, 'Dinas Kebudayaan & Pariwisata', 'Kantor Dinas Kebudayaan & Pariwisata', 53),
(5303, 'Dinas Kependudukan & Catatan Sipil', 'Kantor Dinas Kependudukan & Catatan Sipil', 53),
(5304, 'Dinas Pekerjaan Umum & Penataan Ruang', 'Kantor Dinas Pekerjaan Umum & Penataan Ruang', 53),
(5305, 'Dinas Perhubungan', 'Kantor Dinas Perhubungan', 53),
(6101, 'Dinas Pertanian & Perikanan', 'Kantor Dinas Pertanian & Perikanan', 61),
(6102, 'Dinas Kebudayaan & Pariwisata', 'Kantor Dinas Kebudayaan & Pariwisata', 61),
(6103, 'Dinas Kependudukan & Catatan Sipil', 'Kantor Dinas Kependudukan & Catatan Sipil', 61),
(6104, 'Dinas Pekerjaan Umum & Penataan Ruang', 'Kantor Dinas Pekerjaan Umum & Penataan Ruang', 61),
(6105, 'Dinas Perhubungan', 'Kantor Dinas Perhubungan', 61),
(6201, 'Dinas Pertanian & Perikanan', 'Kantor Dinas Pertanian & Perikanan', 62),
(6202, 'Dinas Kebudayaan & Pariwisata', 'Kantor Dinas Kebudayaan & Pariwisata', 62),
(6203, 'Dinas Kependudukan & Catatan Sipil', 'Kantor Dinas Kependudukan & Catatan Sipil', 62),
(6204, 'Dinas Pekerjaan Umum & Penataan Ruang', 'Kantor Dinas Pekerjaan Umum & Penataan Ruang', 62),
(6205, 'Dinas Perhubungan', 'Kantor Dinas Perhubungan', 62),
(6301, 'Dinas Pertanian & Perikanan', 'Kantor Dinas Pertanian & Perikanan', 63),
(6302, 'Dinas Kebudayaan & Pariwisata', 'Kantor Dinas Kebudayaan & Pariwisata', 63),
(6303, 'Dinas Kependudukan & Catatan Sipil', 'Kantor Dinas Kependudukan & Catatan Sipil', 63),
(6304, 'Dinas Pekerjaan Umum & Penataan Ruang', 'Kantor Dinas Pekerjaan Umum & Penataan Ruang', 63),
(6305, 'Dinas Perhubungan', 'Kantor Dinas Perhubungan', 63),
(6401, 'Dinas Pertanian & Perikanan', 'Kantor Dinas Pertanian & Perikanan', 64),
(6402, 'Dinas Kebudayaan & Pariwisata', 'Kantor Dinas Kebudayaan & Pariwisata', 64),
(6403, 'Dinas Kependudukan & Catatan Sipil', 'Kantor Dinas Kependudukan & Catatan Sipil', 64),
(6404, 'Dinas Pekerjaan Umum & Penataan Ruang', 'Kantor Dinas Pekerjaan Umum & Penataan Ruang', 64),
(6405, 'Dinas Perhubungan', 'Kantor Dinas Perhubungan', 64),
(6501, 'Dinas Pertanian & Perikanan', 'Kantor Dinas Pertanian & Perikanan', 65),
(6502, 'Dinas Kebudayaan & Pariwisata', 'Kantor Dinas Kebudayaan & Pariwisata', 65),
(6503, 'Dinas Kependudukan & Catatan Sipil', 'Kantor Dinas Kependudukan & Catatan Sipil', 65),
(6504, 'Dinas Pekerjaan Umum & Penataan Ruang', 'Kantor Dinas Pekerjaan Umum & Penataan Ruang', 65),
(6505, 'Dinas Perhubungan', 'Kantor Dinas Perhubungan', 65),
(7101, 'Dinas Pertanian & Perikanan', 'Kantor Dinas Pertanian & Perikanan', 71),
(7102, 'Dinas Kebudayaan & Pariwisata', 'Kantor Dinas Kebudayaan & Pariwisata', 71),
(7103, 'Dinas Kependudukan & Catatan Sipil', 'Kantor Dinas Kependudukan & Catatan Sipil', 71),
(7104, 'Dinas Pekerjaan Umum & Penataan Ruang', 'Kantor Dinas Pekerjaan Umum & Penataan Ruang', 71),
(7105, 'Dinas Perhubungan', 'Kantor Dinas Perhubungan', 71),
(7201, 'Dinas Pertanian & Perikanan', 'Kantor Dinas Pertanian & Perikanan', 72),
(7202, 'Dinas Kebudayaan & Pariwisata', 'Kantor Dinas Kebudayaan & Pariwisata', 72),
(7203, 'Dinas Kependudukan & Catatan Sipil', 'Kantor Dinas Kependudukan & Catatan Sipil', 72),
(7204, 'Dinas Pekerjaan Umum & Penataan Ruang', 'Kantor Dinas Pekerjaan Umum & Penataan Ruang', 72),
(7205, 'Dinas Perhubungan', 'Kantor Dinas Perhubungan', 72),
(7301, 'Dinas Pertanian & Perikanan', 'Kantor Dinas Pertanian & Perikanan', 73),
(7302, 'Dinas Kebudayaan & Pariwisata', 'Kantor Dinas Kebudayaan & Pariwisata', 73),
(7303, 'Dinas Kependudukan & Catatan Sipil', 'Kantor Dinas Kependudukan & Catatan Sipil', 73),
(7304, 'Dinas Pekerjaan Umum & Penataan Ruang', 'Kantor Dinas Pekerjaan Umum & Penataan Ruang', 73),
(7305, 'Dinas Perhubungan', 'Kantor Dinas Perhubungan', 73),
(7401, 'Dinas Pertanian & Perikanan', 'Kantor Dinas Pertanian & Perikanan', 74),
(7402, 'Dinas Kebudayaan & Pariwisata', 'Kantor Dinas Kebudayaan & Pariwisata', 74),
(7403, 'Dinas Kependudukan & Catatan Sipil', 'Kantor Dinas Kependudukan & Catatan Sipil', 74),
(7404, 'Dinas Pekerjaan Umum & Penataan Ruang', 'Kantor Dinas Pekerjaan Umum & Penataan Ruang', 74),
(7405, 'Dinas Perhubungan', 'Kantor Dinas Perhubungan', 74),
(7501, 'Dinas Pertanian & Perikanan', 'Kantor Dinas Pertanian & Perikanan', 75),
(7502, 'Dinas Kebudayaan & Pariwisata', 'Kantor Dinas Kebudayaan & Pariwisata', 75),
(7503, 'Dinas Kependudukan & Catatan Sipil', 'Kantor Dinas Kependudukan & Catatan Sipil', 75),
(7504, 'Dinas Pekerjaan Umum & Penataan Ruang', 'Kantor Dinas Pekerjaan Umum & Penataan Ruang', 75),
(7505, 'Dinas Perhubungan', 'Kantor Dinas Perhubungan', 75),
(7601, 'Dinas Pertanian & Perikanan', 'Kantor Dinas Pertanian & Perikanan', 76),
(7602, 'Dinas Kebudayaan & Pariwisata', 'Kantor Dinas Kebudayaan & Pariwisata', 76),
(7603, 'Dinas Kependudukan & Catatan Sipil', 'Kantor Dinas Kependudukan & Catatan Sipil', 76),
(7604, 'Dinas Pekerjaan Umum & Penataan Ruang', 'Kantor Dinas Pekerjaan Umum & Penataan Ruang', 76),
(7605, 'Dinas Perhubungan', 'Kantor Dinas Perhubungan', 76),
(8101, 'Dinas Pertanian & Perikanan', 'Kantor Dinas Pertanian & Perikanan', 81),
(8102, 'Dinas Kebudayaan & Pariwisata', 'Kantor Dinas Kebudayaan & Pariwisata', 81),
(8103, 'Dinas Kependudukan & Catatan Sipil', 'Kantor Dinas Kependudukan & Catatan Sipil', 81),
(8104, 'Dinas Pekerjaan Umum & Penataan Ruang', 'Kantor Dinas Pekerjaan Umum & Penataan Ruang', 81),
(8105, 'Dinas Perhubungan', 'Kantor Dinas Perhubungan', 81),
(8201, 'Dinas Pertanian & Perikanan', 'Kantor Dinas Pertanian & Perikanan', 82),
(8202, 'Dinas Kebudayaan & Pariwisata', 'Kantor Dinas Kebudayaan & Pariwisata', 82),
(8203, 'Dinas Kependudukan & Catatan Sipil', 'Kantor Dinas Kependudukan & Catatan Sipil', 82),
(8204, 'Dinas Pekerjaan Umum & Penataan Ruang', 'Kantor Dinas Pekerjaan Umum & Penataan Ruang', 82),
(8205, 'Dinas Perhubungan', 'Kantor Dinas Perhubungan', 82),
(9101, 'Dinas Pertanian & Perikanan', 'Kantor Dinas Pertanian & Perikanan', 91),
(9102, 'Dinas Kebudayaan & Pariwisata', 'Kantor Dinas Kebudayaan & Pariwisata', 91),
(9103, 'Dinas Kependudukan & Catatan Sipil', 'Kantor Dinas Kependudukan & Catatan Sipil', 91),
(9104, 'Dinas Pekerjaan Umum & Penataan Ruang', 'Kantor Dinas Pekerjaan Umum & Penataan Ruang', 91),
(9105, 'Dinas Perhubungan', 'Kantor Dinas Perhubungan', 91),
(9401, 'Dinas Pertanian & Perikanan', 'Kantor Dinas Pertanian & Perikanan', 94),
(9402, 'Dinas Kebudayaan & Pariwisata', 'Kantor Dinas Kebudayaan & Pariwisata', 94),
(9403, 'Dinas Kependudukan & Catatan Sipil', 'Kantor Dinas Kependudukan & Catatan Sipil', 94),
(9404, 'Dinas Pekerjaan Umum & Penataan Ruang', 'Kantor Dinas Pekerjaan Umum & Penataan Ruang', 94),
(9405, 'Dinas Perhubungan', 'Kantor Dinas Perhubungan', 94);

-- --------------------------------------------------------

--
-- Table structure for table `jabatan`
--

DROP TABLE IF EXISTS `jabatan`;
CREATE TABLE `jabatan` (
  `id` bigint(20) NOT NULL,
  `nama` varchar(255) NOT NULL,
  `deskripsi` varchar(255) NOT NULL,
  `gaji_pokok` double NOT NULL
) ENGINE=InnoDB DEFAULT CHARSET=latin1;

--
-- Truncate table before insert `jabatan`
--

TRUNCATE TABLE `jabatan`;
--
-- Dumping data for table `jabatan`
--

INSERT INTO `jabatan` (`id`, `nama`, `deskripsi`, `gaji_pokok`) VALUES
(1, 'Kepala Dinas', 'Pemimpin Dinas', 7500000),
(2, 'Kepala Bidang Humas', 'Pemimpin Bidang Humas', 6500000),
(3, 'Kepala Bidang Pengadaan Logistik', 'Pemimpin Bidang Pengadaan Logistik', 6500000),
(4, 'Kepala Bidang Pengaduan dan Layanan Masyarakat', 'Pemimpin Bidang Pengaduan dan Layanan Masyarakat', 6500000),
(5, 'Kepala Bidang Teknologi Informasi', 'Pemimpin Bidang Teknologi Informasi', 6500000),
(6, 'Kepala Bidang Kesekretariatan Umum', 'Pemimpin Bidang Kesekretariatan Umum', 6500000),
(7, 'Kepala Bidang Keuangan', 'Pemimpin Bidang Keuangan', 6500000),
(8, 'Kepala Bidang Perencanaan dan Keuangan', 'Pemimpin Bidang Perencanaan dan Keuangan', 6500000),
(9, 'Kepala Divisi Umum dan Kepegawaian', 'Pemimpin Divisi Umum dan Kepegawaian', 5200000),
(10, 'Kepala Divisi Sarana dan Prasarana', 'Pemimpin Divisi Sarana dan Prasarana', 5200000),
(11, 'Kepala Divisi Pemberdayaan Masyarakat', 'Pemimpin Divisi Pemberdayaan Masyarakat', 5200000),
(12, 'Kepala Divisi Tata Tertib dan Pengawasan', 'Pemimpin Divisi Tata Tertib dan Pengawasan', 5200000),
(13, 'Seksi Penyuluhan', 'Penanggung Jawab Program Penyuluhan', 4400000),
(14, 'Seksi Pengawasan dan Pengendalian', 'Penanggung Jawab Program Pengawasan dan Pengendalian', 4400000),
(15, 'Seksi Pengembangan dan Penelitian', 'Penanggung Jawab Program Pengembangan dan Penelitian', 4400000),
(16, 'Seksi Kerjasama dan Promosi', 'Penanggung Jawab Program Kerjasama dan Promosi', 4400000),
(17, 'Seksi Ketertiban Hukum', 'Penanggung Jawab Program Ketertiban Hukum', 4400000),
(18, 'Seksi Pengawasan dan Evaluasi', 'Penanggung Jawab Program Pengawasan dan Evaluasi', 4400000),
(19, 'Staf Bidang', 'Staf Bidang', 3700000),
(20, 'Staf Divisi', 'Staf Divisi', 3700000);

-- --------------------------------------------------------

--
-- Table structure for table `jabatan_pegawai`
--

DROP TABLE IF EXISTS `jabatan_pegawai`;
CREATE TABLE `jabatan_pegawai` (
  `id` bigint(20) NOT NULL,
  `id_pegawai` bigint(20) NOT NULL,
  `id_jabatan` bigint(20) NOT NULL
) ENGINE=InnoDB DEFAULT CHARSET=latin1;

--
-- Truncate table before insert `jabatan_pegawai`
--

TRUNCATE TABLE `jabatan_pegawai`;
--
-- Dumping data for table `jabatan_pegawai`
--

INSERT INTO `jabatan_pegawai` (`id`, `id_pegawai`, `id_jabatan`) VALUES
(1, 1, 1),
(2, 2, 2),
(3, 3, 3),
(4, 4, 4),
(5, 5, 5),
(6, 6, 6),
(7, 7, 7),
(8, 8, 8),
(9, 9, 9),
(10, 10, 10),
(11, 11, 11),
(12, 12, 12),
(13, 13, 13),
(14, 13, 20),
(15, 14, 14),
(16, 14, 19),
(17, 15, 15),
(18, 15, 17),
(19, 16, 16),
(20, 16, 18),
(21, 17, 17),
(22, 18, 18),
(23, 19, 19),
(24, 20, 20),
(25, 21, 1),
(26, 22, 2),
(27, 23, 3),
(28, 24, 4),
(29, 25, 5),
(30, 26, 6),
(31, 27, 7),
(32, 28, 8),
(33, 29, 9),
(34, 30, 10),
(35, 31, 11),
(36, 32, 12),
(37, 32, 17),
(38, 33, 13),
(39, 33, 20),
(40, 34, 14),
(41, 34, 20),
(42, 35, 15),
(43, 35, 17),
(44, 36, 16),
(45, 36, 18),
(46, 37, 17),
(47, 38, 18),
(48, 39, 20),
(49, 40, 19),
(50, 41, 1),
(51, 42, 2),
(52, 43, 3),
(53, 44, 4),
(54, 45, 5),
(55, 46, 6),
(56, 47, 7),
(57, 48, 8),
(58, 49, 9),
(59, 50, 10),
(60, 51, 11),
(61, 52, 12),
(62, 52, 17),
(63, 53, 13),
(64, 53, 20),
(65, 54, 14),
(66, 54, 19),
(67, 55, 15),
(68, 55, 17),
(69, 56, 16),
(70, 56, 18),
(71, 57, 17),
(72, 58, 18),
(73, 59, 20),
(74, 60, 19),
(75, 61, 1),
(76, 62, 2),
(77, 63, 3),
(78, 64, 4),
(79, 65, 5),
(80, 66, 6),
(81, 67, 7),
(82, 68, 8),
(83, 69, 9),
(84, 70, 10),
(85, 71, 11),
(86, 72, 12),
(87, 72, 17),
(88, 73, 13),
(89, 73, 20),
(90, 74, 14),
(91, 74, 19),
(92, 75, 15),
(93, 75, 17),
(94, 76, 16),
(95, 76, 18),
(96, 77, 17),
(97, 78, 18),
(98, 79, 20),
(99, 80, 19),
(100, 81, 1),
(101, 82, 2),
(102, 83, 3),
(103, 84, 4),
(104, 85, 5),
(105, 86, 6),
(106, 87, 7),
(107, 88, 8),
(108, 89, 9),
(109, 90, 10),
(110, 91, 11),
(111, 92, 12),
(112, 92, 18),
(113, 93, 13),
(114, 93, 20),
(115, 94, 14),
(116, 94, 19),
(117, 95, 15),
(118, 95, 17),
(119, 96, 16),
(120, 96, 18),
(121, 97, 17),
(122, 98, 18),
(123, 99, 20),
(124, 100, 19),
(125, 101, 1),
(126, 102, 2),
(127, 103, 3),
(128, 104, 4),
(129, 105, 5),
(130, 106, 6),
(131, 107, 7),
(132, 108, 8),
(133, 109, 9),
(134, 110, 10),
(135, 111, 11),
(136, 112, 12),
(137, 112, 18),
(138, 113, 13),
(139, 113, 20),
(140, 114, 14),
(141, 114, 19),
(142, 115, 15),
(143, 115, 17),
(144, 116, 16),
(145, 116, 18),
(146, 117, 17),
(147, 118, 18),
(148, 119, 20),
(149, 120, 19),
(150, 121, 1),
(151, 122, 2),
(152, 123, 3),
(153, 124, 4),
(154, 125, 5),
(155, 126, 6),
(156, 127, 7),
(157, 128, 8),
(158, 129, 9),
(159, 130, 10),
(160, 131, 11),
(161, 132, 12),
(162, 132, 18),
(163, 133, 13),
(164, 133, 20),
(165, 134, 14),
(166, 134, 19),
(167, 135, 15),
(168, 135, 17),
(169, 136, 16),
(170, 136, 18),
(171, 137, 17),
(172, 138, 18),
(173, 139, 20),
(174, 140, 19),
(175, 141, 1),
(176, 142, 2),
(177, 143, 3),
(178, 144, 4),
(179, 145, 5),
(180, 146, 6),
(181, 147, 7),
(182, 148, 8),
(183, 149, 9),
(184, 150, 10),
(185, 151, 11),
(186, 152, 12),
(187, 152, 18),
(188, 153, 13),
(189, 153, 20),
(190, 154, 14),
(191, 154, 19),
(192, 155, 15),
(193, 155, 17),
(194, 156, 16),
(195, 156, 18),
(196, 157, 17),
(197, 158, 18),
(198, 159, 20),
(199, 160, 19),
(200, 161, 1),
(201, 162, 2),
(202, 163, 3),
(203, 164, 4),
(204, 165, 5),
(205, 166, 6),
(206, 167, 7),
(207, 168, 8),
(208, 169, 9),
(209, 170, 10),
(210, 171, 11),
(211, 172, 12),
(212, 172, 18),
(213, 173, 13),
(214, 173, 20),
(215, 174, 14),
(216, 174, 19),
(217, 175, 15),
(218, 175, 17),
(219, 176, 16),
(220, 176, 18),
(221, 177, 17),
(222, 178, 18),
(223, 179, 20),
(224, 180, 19),
(225, 181, 1),
(226, 182, 2),
(227, 183, 3),
(228, 184, 4),
(229, 185, 5),
(230, 186, 6),
(231, 187, 7),
(232, 188, 8),
(233, 189, 9),
(234, 190, 10),
(235, 191, 11),
(236, 192, 12),
(237, 192, 18),
(238, 193, 13),
(239, 193, 20),
(240, 194, 14),
(241, 194, 19),
(242, 195, 15),
(243, 195, 17),
(244, 196, 16),
(245, 196, 18),
(246, 197, 17),
(247, 198, 18),
(248, 199, 20),
(249, 200, 19),
(250, 201, 1),
(251, 202, 2),
(252, 203, 3),
(253, 204, 4),
(254, 205, 5),
(255, 206, 6),
(256, 207, 7),
(257, 208, 8),
(258, 209, 9),
(259, 210, 10),
(260, 211, 11),
(261, 212, 12),
(262, 213, 13),
(263, 213, 20),
(264, 214, 14),
(265, 214, 19),
(266, 215, 15),
(267, 215, 17),
(268, 216, 16),
(269, 216, 18),
(270, 217, 17),
(271, 218, 18),
(272, 219, 20),
(273, 220, 19),
(274, 221, 1),
(275, 222, 2),
(276, 223, 3),
(277, 224, 4),
(278, 225, 5),
(279, 226, 6),
(280, 227, 7),
(281, 228, 8),
(282, 229, 9),
(283, 230, 10),
(284, 231, 11),
(285, 232, 12),
(286, 233, 13),
(287, 233, 20),
(288, 234, 14),
(289, 234, 19),
(290, 235, 15),
(291, 235, 17),
(292, 236, 16),
(293, 236, 18),
(294, 237, 17),
(295, 238, 18),
(296, 239, 20),
(297, 240, 19),
(298, 241, 1),
(299, 242, 2),
(300, 243, 3),
(301, 244, 4),
(302, 245, 5),
(303, 246, 6),
(304, 247, 7),
(305, 248, 8),
(306, 249, 9),
(307, 250, 10),
(308, 251, 11),
(309, 252, 12),
(310, 253, 13),
(311, 253, 20),
(312, 254, 14),
(313, 254, 19),
(314, 255, 15),
(315, 255, 17),
(316, 256, 16),
(317, 256, 18),
(318, 257, 17),
(319, 258, 18),
(320, 259, 20),
(321, 260, 19),
(322, 261, 1),
(323, 262, 2),
(324, 263, 3),
(325, 264, 4),
(326, 265, 5),
(327, 266, 6),
(328, 267, 7),
(329, 268, 8),
(330, 269, 9),
(331, 270, 10),
(332, 271, 11),
(333, 272, 12),
(334, 273, 13),
(335, 273, 20),
(336, 274, 14),
(337, 274, 19),
(338, 275, 15),
(339, 275, 17),
(340, 276, 16),
(341, 276, 18),
(342, 277, 17),
(343, 278, 18),
(344, 279, 20),
(345, 280, 19),
(346, 281, 1),
(347, 282, 2),
(348, 283, 3),
(349, 284, 4),
(350, 285, 5),
(351, 286, 6),
(352, 287, 7),
(353, 288, 8),
(354, 289, 9),
(355, 290, 10),
(356, 291, 11),
(357, 292, 12),
(358, 293, 13),
(359, 293, 20),
(360, 294, 14),
(361, 294, 19),
(362, 295, 15),
(363, 295, 17),
(364, 296, 16),
(365, 296, 18),
(366, 297, 17),
(367, 298, 18),
(368, 299, 20),
(369, 300, 19),
(370, 301, 1),
(371, 302, 2),
(372, 303, 3),
(373, 304, 4),
(374, 305, 5),
(375, 306, 6),
(376, 307, 7),
(377, 308, 8),
(378, 309, 9),
(379, 310, 10),
(380, 311, 11),
(381, 312, 12),
(382, 313, 13),
(383, 313, 20),
(384, 314, 14),
(385, 314, 19),
(386, 315, 15),
(387, 315, 17),
(388, 316, 16),
(389, 316, 18),
(390, 317, 17),
(391, 318, 18),
(392, 319, 20),
(393, 320, 19),
(394, 321, 1),
(395, 322, 2),
(396, 323, 3),
(397, 324, 4),
(398, 325, 5),
(399, 326, 6),
(400, 327, 7),
(401, 328, 8),
(402, 329, 9),
(403, 330, 10),
(404, 331, 11),
(405, 332, 12),
(406, 333, 13),
(407, 333, 20),
(408, 334, 14),
(409, 334, 19),
(410, 335, 15),
(411, 335, 17),
(412, 336, 16),
(413, 336, 18),
(414, 337, 17),
(415, 338, 18),
(416, 339, 20),
(417, 340, 19),
(418, 341, 1),
(419, 342, 2),
(420, 343, 3),
(421, 344, 4),
(422, 345, 5),
(423, 346, 6),
(424, 347, 7),
(425, 348, 8),
(426, 349, 9),
(427, 350, 10),
(428, 351, 11),
(429, 352, 12),
(430, 353, 13),
(431, 353, 20),
(432, 354, 14),
(433, 354, 19),
(434, 355, 15),
(435, 355, 17),
(436, 356, 16),
(437, 356, 18),
(438, 357, 17),
(439, 358, 18),
(440, 359, 20),
(441, 360, 19),
(442, 361, 1),
(443, 362, 2),
(444, 363, 3),
(445, 364, 4),
(446, 365, 5),
(447, 366, 6),
(448, 367, 7),
(449, 368, 8),
(450, 369, 9),
(451, 370, 10),
(452, 371, 11),
(453, 372, 12),
(454, 373, 13),
(455, 373, 20),
(456, 374, 14),
(457, 374, 19),
(458, 375, 15),
(459, 375, 17),
(460, 376, 16),
(461, 376, 18),
(462, 377, 17),
(463, 378, 18),
(464, 379, 20),
(465, 380, 19),
(466, 381, 1),
(467, 382, 2),
(468, 383, 3),
(469, 384, 4),
(470, 385, 5),
(471, 386, 6),
(472, 387, 7),
(473, 388, 8),
(474, 389, 9),
(475, 390, 10),
(476, 391, 11),
(477, 392, 12),
(478, 393, 13),
(479, 393, 20),
(480, 394, 14),
(481, 394, 19),
(482, 395, 15),
(483, 395, 17),
(484, 396, 16),
(485, 396, 18),
(486, 397, 17),
(487, 398, 18),
(488, 399, 20),
(489, 400, 19),
(490, 401, 1),
(491, 402, 2),
(492, 403, 3),
(493, 404, 4),
(494, 405, 5),
(495, 406, 6),
(496, 407, 7),
(497, 408, 8),
(498, 409, 9),
(499, 410, 10),
(500, 411, 11),
(501, 412, 12),
(502, 413, 13),
(503, 413, 20),
(504, 414, 14),
(505, 414, 19),
(506, 415, 15),
(507, 415, 17),
(508, 416, 16),
(509, 416, 18),
(510, 417, 17),
(511, 418, 18),
(512, 419, 20),
(513, 420, 19),
(514, 421, 1),
(515, 422, 2),
(516, 423, 3),
(517, 424, 4),
(518, 425, 5),
(519, 426, 6),
(520, 427, 7),
(521, 428, 8),
(522, 429, 9),
(523, 430, 10),
(524, 431, 11),
(525, 432, 12),
(526, 433, 13),
(527, 433, 20),
(528, 434, 14),
(529, 434, 19),
(530, 435, 15),
(531, 435, 17),
(532, 436, 16),
(533, 436, 18),
(534, 437, 17),
(535, 438, 18),
(536, 439, 20),
(537, 440, 19),
(538, 441, 1),
(539, 442, 2),
(540, 443, 3),
(541, 444, 4),
(542, 445, 5),
(543, 446, 6),
(544, 447, 7),
(545, 448, 8),
(546, 449, 9),
(547, 450, 10),
(548, 451, 11),
(549, 452, 12),
(550, 453, 13),
(551, 453, 20),
(552, 454, 14),
(553, 454, 19),
(554, 455, 15),
(555, 455, 17),
(556, 456, 16),
(557, 456, 18),
(558, 457, 17),
(559, 458, 18),
(560, 459, 20),
(561, 460, 19),
(562, 461, 1),
(563, 462, 2),
(564, 463, 3),
(565, 464, 4),
(566, 465, 5),
(567, 466, 6),
(568, 467, 7),
(569, 468, 8),
(570, 469, 9),
(571, 470, 10),
(572, 471, 11),
(573, 472, 12),
(574, 473, 13),
(575, 473, 20),
(576, 474, 14),
(577, 474, 19),
(578, 475, 15),
(579, 475, 17),
(580, 476, 16),
(581, 476, 18),
(582, 477, 17),
(583, 478, 18),
(584, 479, 20),
(585, 480, 19),
(586, 481, 1),
(587, 482, 2),
(588, 483, 3),
(589, 484, 4),
(590, 485, 5),
(591, 486, 6),
(592, 487, 7),
(593, 488, 8),
(594, 489, 9),
(595, 490, 10),
(596, 491, 11),
(597, 492, 12),
(598, 493, 13),
(599, 493, 20),
(600, 494, 14),
(601, 494, 19),
(602, 495, 15),
(603, 495, 17),
(604, 496, 16),
(605, 496, 18),
(606, 497, 17),
(607, 498, 18),
(608, 499, 20),
(609, 500, 19),
(610, 501, 1),
(611, 502, 2),
(612, 503, 3),
(613, 504, 4),
(614, 505, 5),
(615, 506, 6),
(616, 507, 7),
(617, 508, 8),
(618, 509, 9),
(619, 510, 10),
(620, 511, 11),
(621, 512, 12),
(622, 513, 13),
(623, 513, 20),
(624, 514, 14),
(625, 514, 19),
(626, 515, 15),
(627, 515, 17),
(628, 516, 16),
(629, 516, 18),
(630, 517, 17),
(631, 518, 18),
(632, 519, 20),
(633, 520, 19),
(634, 521, 1),
(635, 522, 2),
(636, 523, 3),
(637, 524, 4),
(638, 525, 5),
(639, 526, 6),
(640, 527, 7),
(641, 528, 8),
(642, 529, 9),
(643, 530, 10),
(644, 531, 11),
(645, 532, 12),
(646, 533, 13),
(647, 533, 20),
(648, 534, 14),
(649, 534, 19),
(650, 535, 15),
(651, 535, 17),
(652, 536, 16),
(653, 536, 18),
(654, 537, 17),
(655, 538, 18),
(656, 539, 20),
(657, 540, 19),
(658, 541, 1),
(659, 542, 2),
(660, 543, 3),
(661, 544, 4),
(662, 545, 5),
(663, 546, 6),
(664, 547, 7),
(665, 548, 8),
(666, 549, 9),
(667, 550, 10),
(668, 551, 11),
(669, 552, 12),
(670, 553, 13),
(671, 553, 20),
(672, 554, 14),
(673, 554, 19),
(674, 555, 15),
(675, 555, 17),
(676, 556, 16),
(677, 556, 18),
(678, 557, 17),
(679, 558, 18),
(680, 559, 20),
(681, 560, 19),
(682, 561, 1),
(683, 562, 2),
(684, 563, 3),
(685, 564, 4),
(686, 565, 5),
(687, 566, 6),
(688, 567, 7),
(689, 568, 8),
(690, 569, 9),
(691, 570, 10),
(692, 571, 11),
(693, 572, 12),
(694, 573, 13),
(695, 573, 20),
(696, 574, 14),
(697, 574, 19),
(698, 575, 15),
(699, 575, 17),
(700, 576, 16),
(701, 576, 18),
(702, 577, 17),
(703, 578, 18),
(704, 579, 20),
(705, 580, 19),
(706, 581, 1),
(707, 582, 2),
(708, 583, 3),
(709, 584, 4),
(710, 585, 5),
(711, 586, 6),
(712, 587, 7),
(713, 588, 8),
(714, 589, 9),
(715, 590, 10),
(716, 591, 11),
(717, 592, 12),
(718, 593, 13),
(719, 593, 20),
(720, 594, 14),
(721, 594, 19),
(722, 595, 15),
(723, 595, 17),
(724, 596, 16),
(725, 596, 18),
(726, 597, 17),
(727, 598, 18),
(728, 599, 20),
(729, 600, 19),
(730, 601, 1),
(731, 602, 2),
(732, 603, 3),
(733, 604, 4),
(734, 605, 5),
(735, 606, 6),
(736, 607, 7),
(737, 608, 8),
(738, 609, 9),
(739, 610, 10),
(740, 611, 11),
(741, 612, 12),
(742, 613, 13),
(743, 613, 20),
(744, 614, 14),
(745, 614, 19),
(746, 615, 15),
(747, 615, 17),
(748, 616, 16),
(749, 616, 18),
(750, 617, 17),
(751, 618, 18),
(752, 619, 20),
(753, 620, 19),
(754, 621, 1),
(755, 622, 2),
(756, 623, 3),
(757, 624, 4),
(758, 625, 5),
(759, 626, 6),
(760, 627, 7),
(761, 628, 8),
(762, 629, 9),
(763, 630, 10),
(764, 631, 11),
(765, 632, 12),
(766, 633, 13),
(767, 633, 20),
(768, 634, 14),
(769, 634, 19),
(770, 635, 15),
(771, 635, 17),
(772, 636, 16),
(773, 636, 18),
(774, 637, 17),
(775, 638, 18),
(776, 639, 20),
(777, 640, 19),
(778, 641, 1),
(779, 642, 2),
(780, 643, 3),
(781, 644, 4),
(782, 645, 5),
(783, 646, 6),
(784, 647, 7),
(785, 648, 8),
(786, 649, 9),
(787, 650, 10),
(788, 651, 11),
(789, 652, 12),
(790, 653, 13),
(791, 653, 20),
(792, 654, 14),
(793, 654, 19),
(794, 655, 15),
(795, 655, 17),
(796, 656, 16),
(797, 656, 18),
(798, 657, 17),
(799, 658, 18),
(800, 659, 20),
(801, 660, 19),
(802, 661, 1),
(803, 662, 2),
(804, 663, 3),
(805, 664, 4),
(806, 665, 5),
(807, 666, 6),
(808, 667, 7),
(809, 668, 8),
(810, 669, 9),
(811, 670, 10),
(812, 671, 11),
(813, 672, 12),
(814, 673, 13),
(815, 673, 20),
(816, 674, 14),
(817, 674, 19),
(818, 675, 15),
(819, 675, 18),
(820, 676, 16),
(821, 676, 18),
(822, 677, 17),
(823, 678, 18),
(824, 679, 20),
(825, 680, 19),
(826, 681, 1),
(827, 682, 2),
(828, 683, 3),
(829, 684, 4),
(830, 685, 5),
(831, 686, 6),
(832, 687, 7),
(833, 688, 8),
(834, 689, 9),
(835, 690, 10),
(836, 691, 11),
(837, 692, 12),
(838, 693, 13),
(839, 693, 20),
(840, 694, 14),
(841, 694, 19),
(842, 695, 15),
(843, 695, 18),
(844, 696, 16),
(845, 696, 18),
(846, 697, 17),
(847, 698, 18),
(848, 699, 20),
(849, 700, 19),
(850, 701, 1),
(851, 702, 2),
(852, 703, 3),
(853, 704, 4),
(854, 705, 5),
(855, 706, 6),
(856, 707, 7),
(857, 708, 8),
(858, 709, 9),
(859, 710, 10),
(860, 711, 11),
(861, 712, 12),
(862, 713, 13),
(863, 713, 20),
(864, 714, 14),
(865, 714, 19),
(866, 715, 15),
(867, 715, 18),
(868, 716, 16),
(869, 716, 18),
(870, 717, 17),
(871, 718, 18),
(872, 719, 20),
(873, 720, 19),
(874, 721, 1),
(875, 722, 2),
(876, 723, 3),
(877, 724, 4),
(878, 725, 5),
(879, 726, 6),
(880, 727, 7),
(881, 728, 8),
(882, 729, 9),
(883, 730, 10),
(884, 731, 11),
(885, 732, 12),
(886, 733, 13),
(887, 733, 20),
(888, 734, 14),
(889, 734, 19),
(890, 735, 15),
(891, 735, 18),
(892, 736, 16),
(893, 736, 18),
(894, 737, 17),
(895, 738, 18),
(896, 739, 20),
(897, 740, 19),
(898, 741, 1),
(899, 742, 2),
(900, 743, 3),
(901, 744, 4),
(902, 745, 5),
(903, 746, 6),
(904, 747, 7),
(905, 748, 8),
(906, 749, 9),
(907, 750, 10),
(908, 751, 11),
(909, 752, 12),
(910, 753, 13),
(911, 753, 20),
(912, 754, 14),
(913, 754, 19),
(914, 755, 15),
(915, 755, 18),
(916, 756, 16),
(917, 756, 18),
(918, 757, 17),
(919, 758, 18),
(920, 759, 20),
(921, 760, 19),
(922, 761, 1),
(923, 762, 2),
(924, 763, 3),
(925, 764, 4),
(926, 765, 5),
(927, 766, 6),
(928, 767, 7),
(929, 768, 8),
(930, 769, 9),
(931, 770, 10),
(932, 771, 11),
(933, 772, 12),
(934, 773, 13),
(935, 773, 20),
(936, 774, 14),
(937, 774, 19),
(938, 775, 15),
(939, 775, 18),
(940, 776, 16),
(941, 776, 18),
(942, 777, 17),
(943, 778, 18),
(944, 779, 20),
(945, 780, 19),
(946, 781, 1),
(947, 782, 2),
(948, 783, 3),
(949, 784, 4),
(950, 785, 5),
(951, 786, 6),
(952, 787, 7),
(953, 788, 8),
(954, 789, 9),
(955, 790, 10),
(956, 791, 11),
(957, 792, 12),
(958, 793, 13),
(959, 793, 20),
(960, 794, 14),
(961, 794, 19),
(962, 795, 15),
(963, 795, 18),
(964, 796, 16),
(965, 796, 18),
(966, 797, 17),
(967, 798, 18),
(968, 799, 20),
(969, 800, 19),
(970, 801, 1),
(971, 802, 2),
(972, 803, 3),
(973, 804, 4),
(974, 805, 5),
(975, 806, 6),
(976, 807, 7),
(977, 808, 8),
(978, 809, 9),
(979, 810, 10),
(980, 811, 11),
(981, 812, 12),
(982, 813, 13),
(983, 813, 20),
(984, 814, 14),
(985, 814, 19),
(986, 815, 15),
(987, 815, 18),
(988, 816, 16),
(989, 816, 18),
(990, 817, 17),
(991, 818, 18),
(992, 819, 20),
(993, 820, 19),
(994, 821, 1),
(995, 822, 2),
(996, 823, 3),
(997, 824, 4),
(998, 825, 5),
(999, 826, 6),
(1000, 827, 7),
(1001, 828, 8),
(1002, 829, 9),
(1003, 830, 10),
(1004, 831, 11),
(1005, 832, 12),
(1006, 833, 13),
(1007, 833, 20),
(1008, 834, 14),
(1009, 834, 19),
(1010, 835, 15),
(1011, 835, 18),
(1012, 836, 16),
(1013, 836, 18),
(1014, 837, 17),
(1015, 838, 18),
(1016, 839, 20),
(1017, 840, 19),
(1018, 841, 1),
(1019, 842, 2),
(1020, 843, 3),
(1021, 844, 4),
(1022, 845, 5),
(1023, 846, 6),
(1024, 847, 7),
(1025, 848, 8),
(1026, 849, 9),
(1027, 850, 10),
(1028, 851, 11),
(1029, 852, 12),
(1030, 853, 13),
(1031, 853, 20),
(1032, 854, 14),
(1033, 854, 19),
(1034, 855, 15),
(1035, 855, 18),
(1036, 856, 16),
(1037, 856, 18),
(1038, 857, 17),
(1039, 858, 18),
(1040, 859, 20),
(1041, 860, 19),
(1042, 861, 1),
(1043, 862, 2),
(1044, 863, 3),
(1045, 864, 4),
(1046, 865, 5),
(1047, 866, 6),
(1048, 867, 7),
(1049, 868, 8),
(1050, 869, 9),
(1051, 870, 10),
(1052, 871, 11),
(1053, 872, 12),
(1054, 873, 13),
(1055, 873, 20),
(1056, 874, 14),
(1057, 874, 19),
(1058, 875, 15),
(1059, 875, 18),
(1060, 876, 16),
(1061, 876, 18),
(1062, 877, 17),
(1063, 878, 18),
(1064, 879, 20),
(1065, 880, 19),
(1066, 881, 1),
(1067, 882, 2),
(1068, 883, 3),
(1069, 884, 4),
(1070, 885, 5),
(1071, 886, 6),
(1072, 887, 7),
(1073, 888, 8),
(1074, 889, 9),
(1075, 890, 10),
(1076, 891, 11),
(1077, 892, 12),
(1078, 893, 13),
(1079, 893, 20),
(1080, 894, 14),
(1081, 894, 19),
(1082, 895, 15),
(1083, 895, 18),
(1084, 896, 16),
(1085, 896, 18),
(1086, 897, 17),
(1087, 898, 18),
(1088, 899, 20),
(1089, 900, 19),
(1090, 901, 1),
(1091, 902, 2),
(1092, 903, 3),
(1093, 904, 4),
(1094, 905, 5),
(1095, 906, 6),
(1096, 907, 7),
(1097, 908, 8),
(1098, 909, 9),
(1099, 910, 10),
(1100, 911, 11),
(1101, 912, 12),
(1102, 913, 13),
(1103, 913, 20),
(1104, 914, 14),
(1105, 914, 19),
(1106, 915, 15),
(1107, 915, 18),
(1108, 916, 16),
(1109, 916, 18),
(1110, 917, 17),
(1111, 918, 18),
(1112, 919, 20),
(1113, 920, 19),
(1114, 921, 1),
(1115, 922, 2),
(1116, 923, 3),
(1117, 924, 4),
(1118, 925, 5),
(1119, 926, 6),
(1120, 927, 7),
(1121, 928, 8),
(1122, 929, 9),
(1123, 930, 10),
(1124, 931, 11),
(1125, 932, 12),
(1126, 933, 13),
(1127, 933, 20),
(1128, 934, 14),
(1129, 934, 19),
(1130, 935, 15),
(1131, 935, 18),
(1132, 936, 16),
(1133, 936, 18),
(1134, 937, 17),
(1135, 938, 18),
(1136, 939, 20),
(1137, 940, 19),
(1138, 941, 1),
(1139, 942, 2),
(1140, 943, 3),
(1141, 944, 4),
(1142, 945, 5),
(1143, 946, 6),
(1144, 947, 7),
(1145, 948, 8),
(1146, 949, 9),
(1147, 950, 10),
(1148, 951, 11),
(1149, 952, 12),
(1150, 953, 13),
(1151, 953, 20),
(1152, 954, 14),
(1153, 954, 19),
(1154, 955, 15),
(1155, 955, 18),
(1156, 956, 16),
(1157, 956, 18),
(1158, 957, 17),
(1159, 958, 18),
(1160, 959, 20),
(1161, 960, 19),
(1162, 961, 1),
(1163, 962, 2),
(1164, 963, 3),
(1165, 964, 4),
(1166, 965, 5),
(1167, 966, 6),
(1168, 967, 7),
(1169, 968, 8),
(1170, 969, 9),
(1171, 970, 10),
(1172, 971, 11),
(1173, 972, 12),
(1174, 973, 13),
(1175, 973, 20),
(1176, 974, 14),
(1177, 974, 19),
(1178, 975, 15),
(1179, 975, 18),
(1180, 976, 16),
(1181, 976, 18),
(1182, 977, 17),
(1183, 978, 18),
(1184, 979, 20),
(1185, 980, 19),
(1186, 981, 1),
(1187, 982, 2),
(1188, 983, 3),
(1189, 984, 4),
(1190, 985, 5),
(1191, 986, 6),
(1192, 987, 7),
(1193, 988, 8),
(1194, 989, 9),
(1195, 990, 10),
(1196, 991, 11),
(1197, 992, 12),
(1198, 993, 13),
(1199, 993, 20),
(1200, 994, 14),
(1201, 994, 19),
(1202, 995, 15),
(1203, 995, 18),
(1204, 996, 16),
(1205, 996, 18),
(1206, 997, 17),
(1207, 998, 18),
(1208, 999, 20),
(1209, 1000, 19),
(1210, 1001, 1),
(1211, 1002, 2),
(1212, 1003, 3),
(1213, 1004, 4),
(1214, 1005, 5),
(1215, 1006, 6),
(1216, 1007, 7),
(1217, 1008, 8),
(1218, 1009, 9),
(1219, 1010, 10),
(1220, 1011, 11),
(1221, 1012, 12),
(1222, 1013, 13),
(1223, 1013, 20),
(1224, 1014, 14),
(1225, 1014, 19),
(1226, 1015, 15),
(1227, 1015, 18),
(1228, 1016, 16),
(1229, 1016, 18),
(1230, 1017, 17),
(1231, 1018, 18),
(1232, 1019, 20),
(1233, 1020, 19);

-- --------------------------------------------------------

--
-- Table structure for table `pegawai`
--

DROP TABLE IF EXISTS `pegawai`;
CREATE TABLE `pegawai` (
  `id` bigint(20) NOT NULL,
  `NIP` varchar(255) NOT NULL,
  `nama` varchar(255) NOT NULL,
  `tempat_lahir` varchar(255) NOT NULL,
  `tanggal_lahir` date NOT NULL,
  `tahun_masuk` varchar(255) NOT NULL,
  `id_instansi` bigint(20) NOT NULL
) ENGINE=InnoDB DEFAULT CHARSET=latin1;

--
-- Truncate table before insert `pegawai`
--

TRUNCATE TABLE `pegawai`;
--
-- Dumping data for table `pegawai`
--

INSERT INTO `pegawai` (`id`, `NIP`, `nama`, `tempat_lahir`, `tanggal_lahir`, `tahun_masuk`, `id_instansi`) VALUES
(1, '1101070770199401', 'Doni Willyanda', 'Jakarta', '1970-07-07', '1994', 1101),
(2, '1101111161198701', 'Adriany Ulfania', 'Jakarta', '1961-11-11', '1987', 1101),
(3, '1101171086200901', 'Devito Avicenna Prima', 'Jakarta', '1986-10-17', '2009', 1101),
(4, '1101220272200101', 'Fahdnul Fachrully', 'Jakarta', '1972-02-22', '2001', 1101),
(5, '1101290670199401', 'Amar Ridho', 'Jakarta', '1970-06-29', '1994', 1101),
(6, '1101301088201001', 'Bimo Arfan Annas', 'Jakarta', '1988-10-30', '2010', 1101),
(7, '1102010179200001', 'Abdul Raisid', 'Jakarta', '1979-01-01', '2000', 1102),
(8, '1102010179201701', 'Mustofa Ibrahim', 'Jakarta', '1979-01-01', '2017', 1102),
(9, '1102060987201101', 'Mubarak Pradana', 'Jakarta', '1987-09-06', '2011', 1102),
(10, '1102090968200001', 'Cardita Wulandari', 'Jakarta', '1968-09-09', '2000', 1102),
(11, '1102270574199901', 'Taufik Yusdwindra', 'Jakarta', '1974-05-27', '1999', 1102),
(12, '1102290182201701', 'Mario Aprilian', 'Jakarta', '1982-01-29', '2017', 1102),
(13, '1103030170201801', 'Miftachul Yasin', 'Jakarta', '1970-03-03', '2018', 1103),
(14, '1103040474200001', 'Eka Varensia', 'Jakarta', '1974-04-04', '2000', 1103),
(15, '1103040474200002', 'Haris Rahmat', 'Jakarta', '1974-04-04', '2000', 1103),
(16, '1103160877200101', 'Okky Suputra', 'Jakarta', '1977-08-16', '2001', 1103),
(17, '1103190980200001', 'Aswin Beckley Sobirin', 'Jakarta', '1980-09-19', '2000', 1103),
(18, '1103251080200001', 'Elin Damayanti', 'Jakarta', '1980-10-25', '2000', 1103),
(19, '1104010292200801', 'Syahdian Saputra', 'Jakarta', '1992-02-01', '2008', 1104),
(20, '1104020393201401', 'Arfina Putea', 'Jakarta', '1993-03-02', '2014', 1104),
(21, '1104030787201301', 'Eka Carolina', 'Jakarta', '1987-07-03', '2013', 1104),
(22, '1104150967201201', 'Chaerul Qodriyah', 'Jakarta', '1967-09-15', '2012', 1104),
(23, '1104300378199901', 'Ilham Devanto', 'Jakarta', '1978-03-30', '1999', 1104),
(24, '1104300378201301', 'Emir Idayu', 'Jakarta', '1978-03-30', '2013', 1104),
(25, '1105010466200401', 'Teddo Andrianto', 'Jakarta', '1966-04-01', '2004', 1105),
(26, '1105090977200401', 'Wahyunita Fauziah', 'Jakarta', '1977-09-09', '2004', 1105),
(27, '1105090977201101', 'Garin Imani', 'Jakarta', '1977-09-09', '2011', 1105),
(28, '1105110990201401', 'Irsan Fudhail', 'Jakarta', '1990-09-11', '2014', 1105),
(29, '1105121172201101', 'Fakhrul Marwan', 'Jakarta', '1972-11-12', '2011', 1105),
(30, '1105220381201601', 'Banni Fauzi', 'Jakarta', '1981-03-22', '2016', 1105),
(31, '1201070770199401', 'Bytta Aspi', 'Jakarta', '1970-07-07', '1994', 1201),
(32, '1201111161198701', 'Paramitha Gustika', 'Yogyakarta', '1961-11-11', '1987', 1201),
(33, '1201171086200901', 'Eni Geryance', 'Yogyakarta', '1986-10-17', '2009', 1201),
(34, '1201220272200101', 'Suaidatunnajah Parhorasan', 'Yogyakarta', '1972-02-22', '2001', 1201),
(35, '1201290670199401', 'Anisa Kartika', 'Yogyakarta', '1970-06-29', '1994', 1201),
(36, '1201301088201001', 'Janiar Hermawaty', 'Yogyakarta', '1988-10-30', '2010', 1201),
(37, '1202010179200001', 'Dinni Wardani', 'Yogyakarta', '1979-01-01', '2000', 1202),
(38, '1202010179201701', 'Eti Hasni', 'Yogyakarta', '1979-01-01', '2017', 1202),
(39, '1202060987201101', 'Taris Pertiwi', 'Yogyakarta', '1987-09-06', '2011', 1202),
(40, '1202090968200001', 'Nurmi Aulia', 'Yogyakarta', '1968-09-09', '2000', 1202),
(41, '1202270574199901', 'Nurtin Carol Pringganti', 'Yogyakarta', '1974-05-27', '1999', 1202),
(42, '1202290182201701', 'Lutfia Fadhilah', 'Yogyakarta', '1982-01-29', '2017', 1202),
(43, '1203030170201801', 'Intan Qodir', 'Bekasi', '1970-03-03', '2018', 1203),
(44, '1203040474200001', 'Alita Wahyudi', 'Bekasi', '1974-04-04', '2000', 1203),
(45, '1203040474200002', 'Nella Hasaniy', 'Bekasi', '1974-04-04', '2000', 1203),
(46, '1203160877200101', 'Servita Indriany', 'Bekasi', '1977-08-16', '2001', 1203),
(47, '1203190980200001', 'Fika Pinkanatalini', 'Bekasi', '1980-09-19', '2000', 1203),
(48, '1203251080200001', 'Nika Defri', 'Bekasi', '1980-10-25', '2000', 1203),
(49, '1204010292200801', 'Syavira Tyas Anjani', 'Bekasi', '1992-02-01', '2008', 1204),
(50, '1204020393201401', 'Tyas Listyani', 'Bekasi', '1993-03-02', '2014', 1204),
(51, '1204030787201301', 'Wulan Tifany Fajriah', 'Bekasi', '1987-07-03', '2013', 1204),
(52, '1204150967201201', 'Devicka Herlin', 'Bekasi', '1967-09-15', '2012', 1204),
(53, '1204300378199901', 'Izzatul Yuliyansih', 'Bekasi', '1978-03-30', '1999', 1204),
(54, '1204300378201301', 'Dwira Abidah', 'Bekasi', '1978-03-30', '2013', 1204),
(55, '1205010466200401', 'Tiffany Gardito', 'Bekasi', '1966-04-01', '2004', 1205),
(56, '1205090977200401', 'Milati Lella Prabowo', 'Bekasi', '1977-09-09', '2004', 1205),
(57, '1205090977201101', 'Syifa Sastrawan', 'Bekasi', '1977-09-09', '2011', 1205),
(58, '1205110990201401', 'Devy Isnaini', 'Bekasi', '1990-09-11', '2014', 1205),
(59, '1205121172201101', 'Amanda Julianne', 'Bekasi', '1972-11-12', '2011', 1205),
(60, '1205220381201601', 'Defara Noordien', 'Bekasi', '1981-03-22', '2016', 1205),
(61, '1301070770199401', 'Gusti Delmeizar', 'Bekasi', '1970-07-07', '1994', 1301),
(62, '1301111161198701', 'Hizria Desiana', 'Bekasi', '1961-11-11', '1987', 1301),
(63, '1301171086200901', 'Rianty Nurkhayati', 'Bekasi', '1986-10-17', '2009', 1301),
(64, '1301220272198701', 'Allen Sayoga', 'Bekasi', '1972-02-22', '2001', 1301),
(65, '1301290670199401', 'Redina Melfriza', 'Bekasi', '1970-06-29', '1994', 1301),
(66, '1301301088201001', 'Izhar Saputra', 'Bekasi', '1988-10-30', '2010', 1301),
(67, '1302010179200001', 'Deristya Prapastia', 'Bekasi', '1979-01-01', '2000', 1302),
(68, '1302010179201701', 'Fahlian Wardana', 'Bekasi', '1979-01-01', '2017', 1302),
(69, '1302060987201101', 'Rheza Hoseati', 'Bekasi', '1987-09-06', '2011', 1302),
(70, '1302090968200001', 'Rani Wirnani', 'Bekasi', '1968-09-09', '2000', 1302),
(71, '1302270574199901', 'Aditya Pangestu', 'Bekasi', '1974-05-27', '1999', 1302),
(72, '1302290182201701', 'Ficky Azzad', 'Bekasi', '1982-01-29', '2017', 1302),
(73, '1303030170201801', 'Gilang Putranto', 'Bekasi', '1970-03-03', '2018', 1303),
(74, '1303040474200001', 'Sakti Rikzan', 'Bekasi', '1974-04-04', '2000', 1303),
(75, '1303040474200002', 'Alvino Saradinto', 'Bekasi', '1974-04-04', '2000', 1303),
(76, '1303160877200101', 'Syahid Pondaag', 'Bekasi', '1977-08-16', '2001', 1303),
(77, '1303190980200001', 'Yudha Selenia', 'Bekasi', '1980-09-19', '2000', 1303),
(78, '1303251080200001', 'Rangga Prima', 'Denpasar', '1980-10-25', '2000', 1303),
(79, '1304010292200801', 'Fajri Pinkanatalini', 'Denpasar', '1992-02-01', '2008', 1304),
(80, '1304020393201401', 'Mario Raka', 'Denpasar', '1993-03-02', '2014', 1304),
(81, '1304030787201301', 'Kenneth Rahadian', 'Denpasar', '1987-07-03', '2013', 1304),
(82, '1304150967201201', 'Adi Siliwangi', 'Denpasar', '1967-09-15', '2012', 1304),
(83, '1304300378199901', 'Arrivalda Anantarqi', 'Denpasar', '1978-03-30', '1999', 1304),
(84, '1304300378201301', 'Wildya Paramitha', 'Denpasar', '1978-03-30', '2013', 1304),
(85, '1305010466200401', 'Kevin Rini', 'Denpasar', '1966-04-01', '2004', 1305),
(86, '1305090977200401', 'Asyrafi Julian', 'Denpasar', '1977-09-09', '2004', 1305),
(87, '1305090977201101', 'Teddo Sugiyanto', 'Denpasar', '1977-09-09', '2011', 1305),
(88, '1305110990201401', 'Amanda Aprilia', 'Denpasar', '1990-09-11', '2014', 1305),
(89, '1305121172201101', 'Adam Yudha', 'Denpasar', '1972-11-12', '2011', 1305),
(90, '1305220381201601', 'Ilham Assodiqin', 'Denpasar', '1981-03-22', '2016', 1305),
(91, '1401070770199401', 'Puspa Jayanti', 'Denpasar', '1970-07-07', '1994', 1401),
(92, '1401111161198701', 'Gita Pradipta', 'Denpasar', '1961-11-11', '1987', 1401),
(93, '1401171086200901', 'Febby Rahmasari', 'Denpasar', '1986-10-17', '2009', 1401),
(94, '1401220272198701', 'Aimee Lalo', 'Denpasar', '1972-02-22', '2001', 1401),
(95, '1401290670199401', 'DenyaSabrina', 'Denpasar', '1970-06-29', '1994', 1401),
(96, '1401301088201001', 'Triska Anisa', 'Denpasar', '1988-10-30', '2010', 1401),
(97, '1402010179200001', 'Hilyah Amalia', 'Denpasar', '1979-01-01', '2000', 1402),
(98, '1402010179201701', 'Megawati Irani', 'Denpasar', '1979-01-01', '2017', 1402),
(99, '1402060987201101', 'Ulfah Ratu', 'Denpasar', '1987-09-06', '2011', 1402),
(100, '1402090968200001', 'Avie Tobing', 'Denpasar', '1968-09-09', '2000', 1402),
(101, '1402270574199901', 'Aufa Annisa', 'Denpasar', '1974-05-27', '1999', 1402),
(102, '1402290182201701', 'Singgih Marlino', 'Denpasar', '1982-01-29', '2017', 1402),
(103, '1403030170201801', 'Aldi Purba', 'Denpasar', '1970-03-03', '2018', 1403),
(104, '1403040474200001', 'Rusdi Pemana', 'Denpasar', '1974-04-04', '2000', 1403),
(105, '1403040474200002', 'Sumandi Islami', 'Denpasar', '1974-04-04', '2000', 1403),
(106, '1403160877200101', 'Abdul Ghani', 'Denpasar', '1977-08-16', '2001', 1403),
(107, '1403190980200001', 'Geraldi Halim', 'Denpasar', '1980-09-19', '2000', 1403),
(108, '1403251080200001', 'Alvino Aldi', 'Denpasar', '1980-10-25', '2000', 1403),
(109, '1404010292200801', 'Rifat Syahputra', 'Denpasar', '1992-02-01', '2008', 1404),
(110, '1404020393201401', 'Bintang Noviyanti', 'Denpasar', '1993-03-02', '2014', 1404),
(111, '1404030787201301', 'Maruto Aminullah', 'Denpasar', '1987-07-03', '2013', 1404),
(112, '1404150967201201', 'Akbar Adha', 'Denpasar', '1967-09-15', '2012', 1404),
(113, '1404300378199901', 'Mario Hamdi', 'Denpasar', '1978-03-30', '1999', 1404),
(114, '1404300378201301', 'Marza Azalia', 'Denpasar', '1978-03-30', '2013', 1404),
(115, '1405010466200401', 'Syahdian Palupi', 'Denpasar', '1966-04-01', '2004', 1405),
(116, '1405090977200401', 'Indra Anindita', 'Denpasar', '1977-09-09', '2004', 1405),
(117, '1405090977201101', 'Anas Prahasti', 'Denpasar', '1977-09-09', '2011', 1405),
(118, '1405110990201401', 'Ogie Mulyana', 'Padang', '1990-09-11', '2014', 1405),
(119, '1405121172201101', 'Vito Syaraswati', 'Padang', '1972-11-12', '2011', 1405),
(120, '1405220381201601', 'Haikal Sherina', 'Padang', '1981-03-22', '2016', 1405),
(121, '1501070770199401', 'Cakra Indriani', 'Padang', '1970-07-07', '1994', 1501),
(122, '1501111161198701', 'Yandra Herdani', 'Padang', '1961-11-11', '1987', 1501),
(123, '1501171086200901', 'Ryan Morinaga', 'Padang', '1986-10-17', '2009', 1501),
(124, '1501220272198701', 'Hilman Wildani', 'Padang', '1972-02-22', '2001', 1501),
(125, '1501290670199401', 'Marsha Aprilicia', 'Padang', '1970-06-29', '1994', 1501),
(126, '1501301088201001', 'Edy Brian', 'Padang', '1988-10-30', '2010', 1501),
(127, '1502010179200001', 'Arfan Hermala', 'Padang', '1979-01-01', '2000', 1502),
(128, '1502010179201701', 'Rendy Hastari', 'Padang', '1979-01-01', '2017', 1502),
(129, '1502060987201101', 'Andika Mufti', 'Padang', '1987-09-06', '2011', 1502),
(130, '1502090968200001', 'Annita Tika', 'Padang', '1968-09-09', '2000', 1502),
(131, '1502270574199901', 'Ahmad Sobari', 'Padang', '1974-05-27', '1999', 1502),
(132, '1502290182201701', 'Monica Agnes', 'Padang', '1982-01-29', '2017', 1502),
(133, '1503030170201801', 'Zahra Widiastuti', 'Padang', '1970-03-03', '2018', 1503),
(134, '1503040474200001', 'Indah Widyatmo', 'Padang', '1974-04-04', '2000', 1503),
(135, '1503040474200002', 'Nina Hapari', 'Padang', '1974-04-04', '2000', 1503),
(136, '1503160877200101', 'Rino Kevin', 'Padang', '1977-08-16', '2001', 1503),
(137, '1503190980200001', 'Maria Hilmawan', 'Padang', '1980-09-19', '2000', 1503),
(138, '1503251080200001', 'Elliza Cansan', 'Padang', '1980-10-25', '2000', 1503),
(139, '1504010292200801', 'Yessi Naradhipa', 'Padang', '1992-02-01', '2008', 1504),
(140, '1504020393201401', 'Rayhan Alvianto', 'Padang', '1993-03-02', '2014', 1504),
(141, '1504030787201301', 'Bunga Damayanti', 'Padang', '1987-07-03', '2013', 1504),
(142, '1504150967201201', 'Labaika Anindya', 'Padang', '1967-09-15', '2012', 1504),
(143, '1504300378199901', 'Winda Umam', 'Padang', '1978-03-30', '1999', 1504),
(144, '1504300378201301', 'Hillery Fadhillah', 'Padang', '1978-03-30', '2013', 1504),
(145, '1505010466200401', 'Syena Rahayoe', 'Padang', '1966-04-01', '2004', 1505),
(146, '1505090977200401', 'Noor Hanifah', 'Padang', '1977-09-09', '2004', 1505),
(147, '1505090977201101', 'Desca Amrullah', 'Padang', '1977-09-09', '2011', 1505),
(148, '1505110990201401', 'Cindy Nadiya', 'Padang', '1990-09-11', '2014', 1505),
(149, '1505121172201101', 'Ratih Gardito', 'Padang', '1972-11-12', '2011', 1505),
(150, '1505220381201601', 'Meutia Gultom', 'Padang', '1981-03-22', '2016', 1505),
(151, '1601070770199401', 'Ficky Azzad', 'Padang', '1970-07-07', '1994', 1601),
(152, '1601111161198701', 'Gilang Putranto', 'Padang', '1961-11-11', '1987', 1601),
(153, '1601171086200901', 'Sakti Rikzan', 'Padang', '1986-10-17', '2009', 1601),
(154, '1601220272198701', 'Alvino Saradinto', 'Padang', '1972-02-22', '2001', 1601),
(155, '1601290670199401', 'Syahid Pondaag', 'Padang', '1970-06-29', '1994', 1601),
(156, '1601301088201001', 'Yudha Selenia', 'Padang', '1988-10-30', '2010', 1601),
(157, '1602010179200001', 'Rangga Prima', 'Bandung', '1979-01-01', '2000', 1602),
(158, '1602010179201701', 'Fajri Pinkanatalini', 'Bandung', '1979-01-01', '2017', 1602),
(159, '1602060987201101', 'Mario Raka', 'Bandung', '1987-09-06', '2011', 1602),
(160, '1602090968200001', 'Kenneth Rahadian', 'Bandung', '1968-09-09', '2000', 1602),
(161, '1602270574199901', 'Adi Siliwangi', 'Bandung', '1974-05-27', '1999', 1602),
(162, '1602290182201701', 'Arrivalda Anantarqi', 'Bandung', '1982-01-29', '2017', 1602),
(163, '1603030170201801', 'Wildya Paramitha', 'Bandung', '1970-03-03', '2018', 1603),
(164, '1603040474200001', 'Kevin Rini', 'Bandung', '1974-04-04', '2000', 1603),
(165, '1603040474200002', 'Asyrafi Julian', 'Bandung', '1974-04-04', '2000', 1603),
(166, '1603160877200101', 'Teddo Sugiyanto', 'Bandung', '1977-08-16', '2001', 1603),
(167, '1603190980200001', 'Amanda Aprilia', 'Bandung', '1980-09-19', '2000', 1603),
(168, '1603251080200001', 'Adam Yudha', 'Bandung', '1980-10-25', '2000', 1603),
(169, '1604010292200801', 'Ilham Assodiqin', 'Bandung', '1992-02-01', '2008', 1604),
(170, '1604020393201401', 'Puspa Jayanti', 'Bandung', '1993-03-02', '2014', 1604),
(171, '1604030787201301', 'Heni Putri', 'Bandung', '1987-07-03', '2013', 1604),
(172, '1604150967201201', 'Raja Dwi Sudirman', 'Bandung', '1967-09-15', '2012', 1604),
(173, '1604300378199901', 'Deddy Agus Sutedja', 'Bandung', '1978-03-30', '1999', 1604),
(174, '1604300378201301', 'Baroleh Guangli', 'Bandung', '1978-03-30', '2013', 1604),
(175, '1605010466200401', 'Nyoto Xiaosi', 'Bandung', '1966-04-01', '2004', 1605),
(176, '1605090977200401', 'Pieter Tubun', 'Bandung', '1977-09-09', '2004', 1605),
(177, '1605090977201101', 'Jonah Boang_Manalu', 'Bandung', '1977-09-09', '2011', 1605),
(178, '1605110990201401', 'Ira Napitu', 'Bandung', '1990-09-11', '2014', 1605),
(179, '1605121172201101', 'Elihu Jampang', 'Bandung', '1972-11-12', '2011', 1605),
(180, '1605220381201601', 'Nirmala Yulia Sudirman', 'Bandung', '1981-03-22', '2016', 1605),
(181, '1701070770199401', 'Ratna Ida Hartanto', 'Bandung', '1970-07-07', '1994', 1701),
(182, '1701111161198701', 'Tengger Yuan', 'Bandung', '1961-11-11', '1987', 1701),
(183, '1701171086200901', 'Tjokro Fenfang', 'Bandung', '1986-10-17', '2009', 1701),
(184, '1701220272198701', 'Louise Samallo', 'Bandung', '1972-02-22', '2001', 1701),
(185, '1701290670199401', 'Rebecca Hutasoit', 'Bandung', '1970-06-29', '1994', 1701),
(186, '1701301088201001', 'Hagar Debataraja', 'Surabaya', '1988-10-30', '2010', 1701),
(187, '1702010179200001', 'Rose Simalango', 'Surabaya', '1979-01-01', '2000', 1702),
(188, '1702010179201701', 'Surtinem', 'Surabaya', '1979-01-01', '2017', 1702),
(189, '1702060987201101', 'Veronika Sucianty Indradjaja', 'Surabaya', '1987-09-06', '2011', 1702),
(190, '1702090968200001', 'Nirmala Yanti Hadiman', 'Surabaya', '1968-09-09', '2000', 1702),
(191, '1702270574199901', 'Utama Wen', 'Surabaya', '1974-05-27', '1999', 1702),
(192, '1702290182201701', 'Fandi Lijuan', 'Surabaya', '1982-01-29', '2017', 1702),
(193, '1703030170201801', 'Nirene Pattiradjawane', 'Surabaya', '1970-03-03', '2018', 1703),
(194, '1703040474200001', 'Hadassah Manurung', 'Surabaya', '1974-04-04', '2000', 1703),
(195, '1703040474200002', 'Dinah Namohaji', 'Surabaya', '1974-04-04', '2000', 1703),
(196, '1703160877200101', 'Ruby Kaban', 'Surabaya', '1977-08-16', '2001', 1703),
(197, '1703190980200001', 'Laksmini', 'Surabaya', '1980-09-19', '2000', 1703),
(198, '1703251080200001', 'Suminten', 'Surabaya', '1980-10-25', '2000', 1703),
(199, '1704010292200801', 'Hadi Surya Santoso', 'Surabaya', '1992-02-01', '2008', 1704),
(200, '1704020393201401', 'Harta Hartono Kusuma', 'Surabaya', '1993-03-02', '2014', 1704),
(201, '1704030787201301', 'Tandubuana Shunyuan', 'Surabaya', '1987-07-03', '2013', 1704),
(202, '1704150967201201', 'Wienathan Yongrui', 'Surabaya', '1967-09-15', '2012', 1704),
(203, '1704300378199901', 'Jasper Latuharhary', 'Surabaya', '1978-03-30', '1999', 1704),
(204, '1704300378201301', 'Theophilus Harefa', 'Surabaya', '1978-03-30', '2013', 1704),
(205, '1705010466200401', 'Benaiah Sinuhaji', 'Surabaya', '1966-04-01', '2004', 1705),
(206, '1705090977200401', 'Nicodemus Silalahi', 'Surabaya', '1977-09-09', '2004', 1705),
(207, '1705090977201101', 'Sriwidadi', 'Surabaya', '1977-09-09', '2011', 1705),
(208, '1705110990201401', 'Guntur', 'Surabaya', '1990-09-11', '2014', 1705),
(209, '1705121172201101', 'Susila Yandi Kusnadi', 'Surabaya', '1972-11-12', '2011', 1705),
(210, '1705220381201601', 'Kusuma Sukarno Wibowo', 'Surabaya', '1981-03-22', '2016', 1705),
(211, '1801070770199401', 'Angkasa Weisheng', 'Surabaya', '1970-07-07', '1994', 1801),
(212, '1801111161198701', 'Bagoes Zhiqiang', 'Surabaya', '1961-11-11', '1987', 1801),
(213, '1801171086200901', 'Nikki Goudsmit', 'Surabaya', '1986-10-17', '2009', 1801),
(214, '1801220272198701', 'Ananias Cibero', 'Surabaya', '1972-02-22', '2001', 1801),
(215, '1801290670199401', 'Baruch Sidabungke', 'Surabaya', '1970-06-29', '1994', 1801),
(216, '1801301088201001', 'Victor Bakara', 'Surabaya', '1988-10-30', '2010', 1801),
(217, '1802010179200001', 'Deddy Iwan Atmadjaja', 'Surabaya', '1979-01-01', '2000', 1802),
(218, '1802010179201701', 'Ivan Darma Yuwono', 'Surabaya', '1979-01-01', '2017', 1802),
(219, '1802060987201101', 'Yonatan Cheng', 'Surabaya', '1987-09-06', '2011', 1802),
(220, '1802090968200001', 'Budiono Zhiqiang', 'Surabaya', '1968-09-09', '2000', 1802),
(221, '1802270574199901', 'Sharaf Lilipally', 'Surabaya', '1974-05-27', '1999', 1802),
(222, '1802290182201701', 'Samson Colia', 'Surabaya', '1982-01-29', '2017', 1802),
(223, '1803030170201801', 'Zechariah Gurusinga', 'Semarang', '1970-03-03', '2018', 1803),
(224, '1803040474200001', 'Liana Inge Makmur', 'Semarang', '1974-04-04', '2000', 1803),
(225, '1803040474200002', 'Eko Ida Muljana', 'Semarang', '1974-04-04', '2000', 1803),
(226, '1803160877200101', 'Lika Qiuyue', 'Semarang', '1977-08-16', '2001', 1803),
(227, '1803190980200001', 'Limijanti Xueman', 'Semarang', '1980-09-19', '2000', 1803),
(228, '1803251080200001', 'Nena Tousalwa', 'Semarang', '1980-10-25', '2000', 1803),
(229, '1804010292200801', 'Grace Bintang', 'Semarang', '1992-02-01', '2008', 1804),
(230, '1804020393201401', 'Deborah Saributua', 'Semarang', '1993-03-02', '2014', 1804),
(231, '1804030787201301', 'Myra Nahulae', 'Semarang', '1987-07-03', '2013', 1804),
(232, '1804150967201201', 'Citra Fanny Tahyadi', 'Semarang', '1967-09-15', '2012', 1804),
(233, '1804300378199901', 'Ade Ida Halim', 'Semarang', '1978-03-30', '1999', 1804),
(234, '1804300378201301', 'Wienathan Xingjuan', 'Semarang', '1978-03-30', '2013', 1804),
(235, '1805010466200401', 'Lukmanto Eu-meh', 'Semarang', '1966-04-01', '2004', 1805),
(236, '1805090977200401', 'Krista Manuputty', 'Semarang', '1977-09-09', '2004', 1805),
(237, '1805090977201101', 'Elisha Mismis', 'Semarang', '1977-09-09', '2011', 1805),
(238, '1805110990201401', 'Martha Sibangebange', 'Semarang', '1990-09-11', '2014', 1805),
(239, '1805121172201101', 'Faith Hutabalian', 'Semarang', '1972-11-12', '2011', 1805),
(240, '1805220381201601', 'Wibawa Kuwat Tanuwidjaja', 'Semarang', '1981-03-22', '2016', 1805),
(241, '1901070770199401', 'Iman Yuda Tedja', 'Semarang', '1970-07-07', '1994', 1901),
(242, '1901111161198701', 'Anggawarsito Ye', 'Semarang', '1961-11-11', '1987', 1901),
(243, '1901171086200901', 'Tranggono Jingguo', 'Semarang', '1986-10-17', '2009', 1901),
(244, '1901220272198701', 'Yde Manusama', 'Semarang', '1972-02-22', '2001', 1901),
(245, '1901290670199401', 'Mordecai Ritonga', 'Semarang', '1970-06-29', '1994', 1901),
(246, '1901301088201001', 'Jeremy Padang', 'Semarang', '1988-10-30', '2010', 1901),
(247, '1902010179200001', 'Micaiah Jambe', 'Semarang', '1979-01-01', '2000', 1902),
(248, '1902010179201701', 'Cinta Melati Setiawan', 'Semarang', '1979-01-01', '2017', 1902),
(249, '1902060987201101', 'Iman Utami Setiawan', 'Semarang', '1987-09-06', '2011', 1902),
(250, '1902090968200001', 'Wijaya Ting', 'Semarang', '1968-09-09', '2000', 1902),
(251, '1902270574199901', 'Fania Zhaohui', 'Semarang', '1974-05-27', '1999', 1902),
(252, '1902290182201701', 'Phaedra Ralahalu', 'Semarang', '1982-01-29', '2017', 1902),
(253, '1903030170201801', 'Jemimah Sidabalok', 'Semarang', '1970-03-03', '2018', 1903),
(254, '1903040474200001', 'Hagar Ulunjadi', 'Semarang', '1974-04-04', '2000', 1903),
(255, '1903040474200002', 'Priscilla Gurupatih', 'Semarang', '1974-04-04', '2000', 1903),
(256, '1903160877200101', 'Mario Singgih Novitasari', 'Semarang', '1977-08-16', '2001', 1903),
(257, '1903190980200001', 'Finaldi Fadhillah', 'Semarang', '1980-09-19', '2000', 1903),
(258, '1903251080200001', 'Givan Saputri', 'Semarang', '1980-10-25', '2000', 1903),
(259, '1904010292200801', 'Dhanu Hasni', 'Semarang', '1992-02-01', '2008', 1904),
(260, '1904020393201401', 'Abdul Claudia', 'Semarang', '1993-03-02', '2014', 1904),
(261, '1904030787201301', 'Nicolas Rizkyananta', 'Semarang', '1987-07-03', '2013', 1904),
(262, '1904150967201201', 'Rendy Fajar Forsa', 'Semarang', '1967-09-15', '2012', 1904),
(263, '1904300378199901', 'Mochammad Faradillah', 'Semarang', '1978-03-30', '1999', 1904),
(264, '1904300378201301', 'Farqy Hidayah', 'Semarang', '1978-03-30', '2013', 1904),
(265, '1905010466200401', 'Ryan Elleonora', 'Semarang', '1966-04-01', '2004', 1905),
(266, '1905090977200401', 'Radja Noviyanti', 'Semarang', '1977-09-09', '2004', 1905),
(267, '1905090977201101', 'Julius Utami', 'Semarang', '1977-09-09', '2011', 1905),
(268, '1905110990201401', 'Yuda Antoni', 'Semarang', '1990-09-11', '2014', 1905),
(269, '1905121172201101', 'Bintang Ahugrah', 'Semarang', '1972-11-12', '2011', 1905),
(270, '1905220381201601', 'Axel Aisyah', 'Semarang', '1981-03-22', '2016', 1905),
(271, '2101070770199401', 'Derilandry Prawita', 'Semarang', '1970-07-07', '1994', 2101),
(272, '2101111161198701', 'Anas Geraldi Carolina', 'Semarang', '1961-11-11', '1987', 2101),
(273, '2101171086200901', 'Muhamad Adrian Saury', 'Semarang', '1986-10-17', '2009', 2101),
(274, '2101220272198701', 'Rangga Satria', 'Semarang', '1972-02-22', '2001', 2101),
(275, '2101290670199401', 'Hizrian Noverlia', 'Semarang', '1970-06-29', '1994', 2101),
(276, '2101301088201001', 'Andhika Tursia', 'Semarang', '1988-10-30', '2010', 2101),
(277, '2102010179200001', 'Maruto Triutami', 'Semarang', '1979-01-01', '2000', 2102),
(278, '2102010179201701', 'Bimo Priyanni', 'Semarang', '1979-01-01', '2017', 2102),
(279, '2102060987201101', 'Ilyas Hizrian Fikri', 'Semarang', '1987-09-06', '2011', 2102),
(280, '2102090968200001', 'Edy Gorat', 'Malang', '1968-09-09', '2000', 2102),
(281, '2102270574199901', 'Fahmi Nurkhayati', 'Malang', '1974-05-27', '1999', 2102),
(282, '2102290182201701', 'Aldo Zonanda', 'Malang', '1982-01-29', '2017', 2102),
(283, '2103030170201801', 'Rizki Adriarso', 'Malang', '1970-03-03', '2018', 2103),
(284, '2103040474200001', 'Arie K', 'Malang', '1974-04-04', '2000', 2103),
(285, '2103040474200002', 'Jeremiah Hamada', 'Malang', '1974-04-04', '2000', 2103),
(286, '2103160877200101', 'Susila Guntur Halim', 'Malang', '1977-08-16', '2001', 2103),
(287, '2103190980200001', 'Purnama Hendri Susman', 'Malang', '1980-09-19', '2000', 2103),
(288, '2103251080200001', 'Tanu Sying', 'Malang', '1980-10-25', '2000', 2103),
(289, '2104010292200801', 'Wirahadi Donghai', 'Malang', '1992-02-01', '2008', 2104),
(290, '2104020393201401', 'Maarten Padang', 'Malang', '1993-03-02', '2014', 2104),
(291, '2104030787201301', 'Phineas Ganagana', 'Malang', '1987-07-03', '2013', 2104),
(292, '2104150967201201', 'Absolom Aruan', 'Malang', '1967-09-15', '2012', 2104),
(293, '2104300378199901', 'Justus Gea', 'Malang', '1978-03-30', '1999', 2104),
(294, '2104300378201301', 'Indra Doddy Sanjaya', 'Malang', '1978-03-30', '2013', 2104),
(295, '2105010466200401', 'Herman Susila Atmadjaja', 'Malang', '1966-04-01', '2004', 2105),
(296, '2105090977200401', 'Soetanto Zhiqiang', 'Malang', '1977-09-09', '2004', 2105),
(297, '2105090977201101', 'Teja Chaoxiang', 'Malang', '1977-09-09', '2011', 2105),
(298, '2105110990201401', 'Ignas Bachmid', 'Malang', '1990-09-11', '2014', 2105),
(299, '2105121172201101', 'Nekoda Meha', 'Malang', '1972-11-12', '2011', 2105),
(300, '2105220381201601', 'Bildad Ajartambu', 'Malang', '1981-03-22', '2016', 2105),
(301, '3101070770199401', 'Tubagus Ahugrah', 'Malang', '1970-07-07', '1994', 3101),
(302, '3101111161198701', 'Yutama Ryanda', 'Malang', '1961-11-11', '1987', 3101),
(303, '3101171086200901', 'Kenneth Paramitha', 'Malang', '1986-10-17', '2009', 3101),
(304, '3101220272198701', 'Emir Puspitasari', 'Malang', '1972-02-22', '2001', 3101),
(305, '3101290670199401', 'Cardito Adhitama', 'Malang', '1970-06-29', '1994', 3101),
(306, '3101301088201001', 'Andhicha Lendy Islam', 'Malang', '1988-10-30', '2010', 3101),
(307, '3102010179200001', 'Arthur Aruti', 'Malang', '1979-01-01', '2000', 3102),
(308, '3102010179201701', 'Yusuf Farahdiba', 'Malang', '1979-01-01', '2017', 3102),
(309, '3102060987201101', 'Aburachman Juno Hotasi', 'Malang', '1987-09-06', '2011', 3102),
(310, '3102090968200001', 'Okky Dewanta', 'Malang', '1968-09-09', '2000', 3102),
(311, '3102270574199901', 'Muhamad Fitra Widyaningtias', 'Malang', '1974-05-27', '1999', 3102),
(312, '3102290182201701', 'Singgih Natalia', 'Malang', '1982-01-29', '2017', 3102),
(313, '3103030170201801', 'Givan Farishy', 'Malang', '1970-03-03', '2018', 3103),
(314, '3103040474200001', 'Imam Azzad', 'Malang', '1974-04-04', '2000', 3103),
(315, '3103040474200002', 'Dhanu Aurealia', 'Malang', '1974-04-04', '2000', 3103),
(316, '3103160877200101', 'Aristyo Prapastia', 'Malang', '1977-08-16', '2001', 3103),
(317, '3103190980200001', 'Redian Aspi', 'Malang', '1980-09-19', '2000', 3103),
(318, '3103251080200001', 'Ari Bayhacki', 'Malang', '1980-10-25', '2000', 3103),
(319, '3104010292200801', 'Geraldi Rachmansyah', 'Malang', '1992-02-01', '2008', 3104),
(320, '3104020393201401', 'Indra Andriyanti', 'Malang', '1993-03-02', '2014', 3104),
(321, '3104030787201301', 'Eka Chandra Qonita', 'Malang', '1987-07-03', '2013', 3104),
(322, '3104150967201201', 'Muhammad Cansan', 'Malang', '1967-09-15', '2012', 3104),
(323, '3104300378199901', 'Mustofa Rini', 'Malang', '1978-03-30', '1999', 3104),
(324, '3104300378201301', 'Rinno Ayuriza', 'Malang', '1978-03-30', '2013', 3104),
(325, '3105010466200401', 'Miftachul Assodiqin', 'Malang', '1966-04-01', '2004', 3105),
(326, '3105090977200401', 'Berian Aldian', 'Medan', '1977-09-09', '2004', 3105),
(327, '3105090977201101', 'Nicolas Munikasari', 'Medan', '1977-09-09', '2011', 3105),
(328, '3105110990201401', 'Dwiki Aisyah', 'Medan', '1990-09-11', '2014', 3105),
(329, '3105121172201101', 'Dikposa Tenriajeng', 'Medan', '1972-11-12', '2011', 3105),
(330, '3105220381201601', 'Fadhlir Umam', 'Medan', '1981-03-22', '2016', 3105),
(331, '3201070770199401', 'Aulia Widian', 'Medan', '1970-07-07', '1994', 3201),
(332, '3201111161198701', 'Andi Rismiarti', 'Medan', '1961-11-11', '1987', 3201),
(333, '3201171086200901', 'Rian Himawan', 'Medan', '1986-10-17', '2009', 3201),
(334, '3201220272198701', 'Wildan Indra', 'Medan', '1972-02-22', '2001', 3201),
(335, '3201290670199401', 'Alvino Islami', 'Medan', '1970-06-29', '1994', 3201),
(336, '3201301088201001', 'Chaerul Amsamsyum', 'Medan', '1988-10-30', '2010', 3201),
(337, '3202010179200001', 'Bayu Asriandari', 'Medan', '1979-01-01', '2000', 3202),
(338, '3202010179201701', 'Edwin Sapto', 'Medan', '1979-01-01', '2017', 3202),
(339, '3202060987201101', 'Fandy Lestari', 'Medan', '1987-09-06', '2011', 3202),
(340, '3202090968200001', 'Achmad Keviati', 'Medan', '1968-09-09', '2000', 3202),
(341, '3202270574199901', 'Sutrisno Narendra', 'Medan', '1974-05-27', '1999', 3202),
(342, '3202290182201701', 'Yuda Husein', 'Medan', '1982-01-29', '2017', 3202),
(343, '3203030170201801', 'Ryan Akbar Fajriah', 'Medan', '1970-03-03', '2018', 3203),
(344, '3203040474200001', 'Hizkia Kurniawan', 'Medan', '1974-04-04', '2000', 3203),
(345, '3203040474200002', 'Aprian Pemana', 'Medan', '1974-04-04', '2000', 3203),
(346, '3203160877200101', 'Sigit Syaibatul Satria', 'Medan', '1977-08-16', '2001', 3203),
(347, '3203190980200001', 'Andriawan Nandita', 'Medan', '1980-09-19', '2000', 3203),
(348, '3203251080200001', 'Michael Susanti', 'Medan', '1980-10-25', '2000', 3203),
(349, '3204010292200801', 'Aufa Kevin Erdyaning', 'Medan', '1992-02-01', '2008', 3204),
(350, '3204020393201401', 'Cakra Hudzaifah Afwika', 'Medan', '1993-03-02', '2014', 3204),
(351, '3204030787201301', 'Shara Idayu', 'Medan', '1987-07-03', '2013', 3204),
(352, '3204150967201201', 'Chairinaya Khasanah', 'Medan', '1967-09-15', '2012', 3204),
(353, '3204300378199901', 'Shabrina Alvianto', 'Medan', '1978-03-30', '1999', 3204),
(354, '3204300378201301', 'Septi Utami', 'Medan', '1978-03-30', '2013', 3204),
(355, '3205010466200401', 'Annisa Noordien', 'Medan', '1966-04-01', '2004', 3205),
(356, '3205090977200401', 'Septania Labaika Puspa', 'Medan', '1977-09-09', '2004', 3205),
(357, '3205090977201101', 'Hanny Ardiansyah', 'Medan', '1977-09-09', '2011', 3205),
(358, '3205110990201401', 'Caesarani Azis', 'Medan', '1990-09-11', '2014', 3205),
(359, '3205121172201101', 'Sephira Amelia', 'Medan', '1972-11-12', '2011', 3205),
(360, '3205220381201601', 'Galih Zulaeha', 'Medan', '1981-03-22', '2016', 3205),
(361, '3301070770199401', 'Demi Larascaesara', 'Medan', '1970-07-07', '1994', 3301),
(362, '3301111161198701', 'Karima Retno Pradipta', 'Medan', '1961-11-11', '1987', 3301),
(363, '3301171086200901', 'Anisa Yuliasti', 'Medan', '1986-10-17', '2009', 3301),
(364, '3301220272198701', 'Amadea Siwi', 'Medan', '1972-02-22', '2001', 3301),
(365, '3301290670199401', 'Wiwied Cansan', 'Medan', '1970-06-29', '1994', 3301),
(366, '3301301088201001', 'Tria Faradillah', 'Medan', '1988-10-30', '2010', 3301),
(367, '3302010179200001', 'Meutia Rozi', 'Medan', '1979-01-01', '2000', 3302),
(368, '3302010179201701', 'Angrit Maureen Kasta', 'Medan', '1979-01-01', '2017', 3302),
(369, '3302060987201101', 'Dara Ahmadi', 'Medan', '1987-09-06', '2011', 3302),
(370, '3302090968200001', 'Tiara Primavera', 'Medan', '1968-09-09', '2000', 3302),
(371, '3302270574199901', 'Prieskha Ariana', 'Medan', '1974-05-27', '1999', 3302),
(372, '3302290182201701', 'Widi Candraini', 'Medan', '1982-01-29', '2017', 3302),
(373, '3303030170201801', 'Hanindita Tiodimar', 'Medan', '1970-03-03', '2018', 3303),
(374, '3303040474200001', 'Kartika Arisa', 'Medan', '1974-04-04', '2000', 3303),
(375, '3303040474200002', 'Aprilia Admianawidiastuti', 'Medan', '1974-04-04', '2000', 3303),
(376, '3303160877200101', 'Desy Natanael', 'Medan', '1977-08-16', '2001', 3303),
(377, '3303190980200001', 'Cindy Octaza', 'Medan', '1980-09-19', '2000', 3303),
(378, '3303251080200001', 'Luna Fikri', 'Medan', '1980-10-25', '2000', 3303),
(379, '3304010292200801', 'Indi Asmarandana', 'Medan', '1992-02-01', '2008', 3304),
(380, '3304020393201401', 'Putri Chairunisa', 'Medan', '1993-03-02', '2014', 3304),
(381, '3304030787201301', 'Wike Narendra', 'Bengkulu', '1987-07-03', '2013', 3304),
(382, '3304150967201201', 'Erma Islami', 'Bengkulu', '1967-09-15', '2012', 3304),
(383, '3304300378199901', 'Rianita Novita', 'Bengkulu', '1978-03-30', '1999', 3304),
(384, '3304300378201301', 'Berty Fadillah Ihatrayudha', 'Bengkulu', '1978-03-30', '2013', 3304),
(385, '3305010466200401', 'Ike Raka', 'Bengkulu', '1966-04-01', '2004', 3305),
(386, '3305090977200401', 'Ruthcharuni Nadiya Apriyanto', 'Bengkulu', '1977-09-09', '2004', 3305),
(387, '3305090977201101', 'Nafila Randhika', 'Bengkulu', '1977-09-09', '2011', 3305),
(388, '3305110990201401', 'Nindy Nurul Hayati', 'Bengkulu', '1990-09-11', '2014', 3305),
(389, '3305121172201101', 'Clara Brian', 'Bengkulu', '1972-11-12', '2011', 3305),
(390, '3305220381201601', 'Gracia Novita Fiona', 'Bengkulu', '1981-03-22', '2016', 3305),
(391, '3401070770199401', 'Lella Andriyanti', 'Bengkulu', '1970-07-07', '1994', 3401),
(392, '3401111161198701', 'Arini Diva', 'Bengkulu', '1961-11-11', '1987', 3401),
(393, '3401171086200901', 'Rahmigina Herdani', 'Bengkulu', '1986-10-17', '2009', 3401),
(394, '3401220272198701', 'Novita Noverlia', 'Bengkulu', '1972-02-22', '2001', 3401),
(395, '3401290670199401', 'Inneke Wardani', 'Bengkulu', '1970-06-29', '1994', 3401),
(396, '3401301088201001', 'Maratun Shabrina', 'Bengkulu', '1988-10-30', '2010', 3401),
(397, '3402010179200001', 'Gleny K', 'Bengkulu', '1979-01-01', '2000', 3402),
(398, '3402010179201701', 'Josephine Ramadhan', 'Bengkulu', '1979-01-01', '2017', 3402),
(399, '3402060987201101', 'Ulfah Widyasmoro', 'Bengkulu', '1987-09-06', '2011', 3402),
(400, '3402090968200001', 'Andamari Prapastia', 'Bengkulu', '1968-09-09', '2000', 3402),
(401, '3402270574199901', 'Hana Ghifary', 'Bengkulu', '1974-05-27', '1999', 3402),
(402, '3402290182201701', 'Aisyah Dewanti', 'Bengkulu', '1982-01-29', '2017', 3402),
(403, '3403030170201801', 'Ardha Sidharta', 'Bengkulu', '1970-03-03', '2018', 3403),
(404, '3403040474200001', 'Novita Aprisilya', 'Bengkulu', '1974-04-04', '2000', 3403),
(405, '3403040474200002', 'Sylvia Magdalena Mirza', 'Bengkulu', '1974-04-04', '2000', 3403),
(406, '3403160877200101', 'Saqina Kahfi', 'Bengkulu', '1977-08-16', '2001', 3403),
(407, '3403190980200001', 'Rofiqotul Sumlang', 'Bengkulu', '1980-09-19', '2000', 3403),
(408, '3403251080200001', 'Nurtin Mediarrahman', 'Bengkulu', '1980-10-25', '2000', 3403),
(409, '3404010292200801', 'Silmi Nurfalah', 'Bengkulu', '1992-02-01', '2008', 3404),
(410, '3404020393201401', 'Denya Widyasti', 'Bengkulu', '1993-03-02', '2014', 3404),
(411, '3404030787201301', 'Rarahayu Yulianti', 'Bengkulu', '1987-07-03', '2013', 3404),
(412, '3404150967201201', 'Nina Evi Mairessi', 'Bengkulu', '1967-09-15', '2012', 3404),
(413, '3404300378199901', 'Hasiana Ahugrah', 'Bengkulu', '1978-03-30', '1999', 3404),
(414, '3404300378201301', 'Ayuningtyas Aminullah', 'Bengkulu', '1978-03-30', '2013', 3404),
(415, '3405010466200401', 'Pratiwi Rumanti', 'Bengkulu', '1966-04-01', '2004', 3405),
(416, '3405090977200401', 'Irene Veronica', 'Bengkulu', '1977-09-09', '2004', 3405),
(417, '3405090977201101', 'Kharisma Hanifa Shabrina', 'Bengkulu', '1977-09-09', '2011', 3405),
(418, '3405110990201401', 'Ossi Afwika', 'Bengkulu', '1990-09-11', '2014', 3405),
(419, '3405121172201101', 'Anna Iga Prayogi', 'Bengkulu', '1972-11-12', '2011', 3405),
(420, '3405220381201601', 'Feby Pinkanatalini', 'Bengkulu', '1981-03-22', '2016', 3405),
(421, '3501070770199401', 'Rocitha Oktaviani', 'Bengkulu', '1970-07-07', '1994', 3501),
(422, '3501111161198701', 'Yusnizar Arahman', 'Bengkulu', '1961-11-11', '1987', 3501),
(423, '3501171086200901', 'Nindya Anggarini', 'Bengkulu', '1986-10-17', '2009', 3501),
(424, '3501220272198701', 'Lavina Tiodimar', 'Bengkulu', '1972-02-22', '2001', 3501),
(425, '3501290670199401', 'Galih Qurniawan', 'Bengkulu', '1970-06-29', '1994', 3501),
(426, '3501301088201001', 'Titiek Aryanti', 'Bengkulu', '1988-10-30', '2010', 3501),
(427, '3502010179200001', 'Prieskha Larascaesara', 'Bengkulu', '1979-01-01', '2000', 3502),
(428, '3502010179201701', 'Evelin Viena', 'Bengkulu', '1979-01-01', '2017', 3502),
(429, '3502060987201101', 'Permata Utomo', 'Bengkulu', '1987-09-06', '2011', 3502),
(430, '3502090968200001', 'Aprilita Rahmawati', 'Bengkulu', '1968-09-09', '2000', 3502),
(431, '3502270574199901', 'Rahma Saputra', 'Bengkulu', '1974-05-27', '1999', 3502),
(432, '3502290182201701', 'Tesa Fachrully', 'Bengkulu', '1982-01-29', '2017', 3502),
(433, '3503030170201801', 'Putri Merlina Pulandathi', 'Bengkulu', '1970-03-03', '2018', 3503),
(434, '3503040474200001', 'Alika Aristy', 'Bengkulu', '1974-04-04', '2000', 3503),
(435, '3503040474200002', 'Taris Sastra', 'Bengkulu', '1974-04-04', '2000', 3503),
(436, '3503160877200101', 'Novia Selenia', 'Bengkulu', '1977-08-16', '2001', 3503),
(437, '3503190980200001', 'Paramitha K', 'Bengkulu', '1980-09-19', '2000', 3503),
(438, '3503251080200001', 'Umi Langit', 'Bengkulu', '1980-10-25', '2000', 3503),
(439, '3504010292200801', 'Ismiranti Eda', 'Bengkulu', '1992-02-01', '2008', 3504),
(440, '3504020393201401', 'Diandra Falah', 'Bengkulu', '1993-03-02', '2014', 3504),
(441, '3504030787201301', 'Faradhia Adha', 'Bengkulu', '1987-07-03', '2013', 3504),
(442, '3504150967201201', 'Ulfi Rustam', 'Bengkulu', '1967-09-15', '2012', 3504),
(443, '3504300378199901', 'Anastasia Sabrina', 'Bengkulu', '1978-03-30', '1999', 3504),
(444, '3504300378201301', 'Maureen Priyanto', 'Bengkulu', '1978-03-30', '2013', 3504),
(445, '3505010466200401', 'Elvina Imani', 'Bengkulu', '1966-04-01', '2004', 3505),
(446, '3505090977200401', 'Riski Octaza', 'Bengkulu', '1977-09-09', '2004', 3505),
(447, '3505090977201101', 'Mardhiyah Indriani', 'Bengkulu', '1977-09-09', '2011', 3505),
(448, '3505110990201401', 'Zulfa Zara Pramantha', 'Bengkulu', '1990-09-11', '2014', 3505),
(449, '3505121172201101', 'Aimee Brenda Ayuriza', 'Bengkulu', '1972-11-12', '2011', 3505),
(450, '3505220381201601', 'Fika Marwah', 'Bengkulu', '1981-03-22', '2016', 3505),
(451, '3601070770199401', 'Zulfi Amelia', 'Bengkulu', '1970-07-07', '1994', 3601),
(452, '3601111161198701', 'Ari Setya', 'Bengkulu', '1961-11-11', '1987', 3601),
(453, '3601171086200901', 'Bob Irlan Nurfalah', 'Bengkulu', '1986-10-17', '2009', 3601),
(454, '3601220272198701', 'Dhika Primastiny', 'Bengkulu', '1972-02-22', '2001', 3601),
(455, '3601290670199401', 'Andika Adha', 'Bengkulu', '1970-06-29', '1994', 3601),
(456, '3601301088201001', 'Sumandi Admianawidiastuti', 'Bengkulu', '1988-10-30', '2010', 3601),
(457, '3602010179200001', 'Garin Nadya', 'Bengkulu', '1979-01-01', '2000', 3602),
(458, '3602010179201701', 'Rizka Prahasti', 'Serang', '1979-01-01', '2017', 3602),
(459, '3602060987201101', 'Imam Septian', 'Serang', '1987-09-06', '2011', 3602),
(460, '3602090968200001', 'Ariyadi Tambunan', 'Serang', '1968-09-09', '2000', 3602),
(461, '3602270574199901', 'Yosua Islami', 'Serang', '1974-05-27', '1999', 3602),
(462, '3602290182201701', 'Ficky Anisa', 'Serang', '1982-01-29', '2017', 3602),
(463, '3603030170201801', 'Okky Aprisilya', 'Serang', '1970-03-03', '2018', 3603),
(464, '3603040474200001', 'Bony Dimarzio', 'Serang', '1974-04-04', '2000', 3603),
(465, '3603040474200002', 'Aprian Jaya', 'Serang', '1974-04-04', '2000', 3603),
(466, '3603160877200101', 'Lendy Maharani', 'Serang', '1977-08-16', '2001', 3603),
(467, '3603190980200001', 'Farqy Mariana', 'Serang', '1980-09-19', '2000', 3603),
(468, '3603251080200001', 'Daniel Yunika', 'Serang', '1980-10-25', '2000', 3603),
(469, '3604010292200801', 'Fahlian Ariefandi', 'Serang', '1992-02-01', '2008', 3604),
(470, '3604020393201401', 'Julian Andjani', 'Serang', '1993-03-02', '2014', 3604),
(471, '3604030787201301', 'Hudzaifah Pinem', 'Serang', '1987-07-03', '2013', 3604),
(472, '3604150967201201', 'Syaibatul Wardhani', 'Serang', '1967-09-15', '2012', 3604),
(473, '3604300378199901', 'Rutwan Sugiyanto', 'Serang', '1978-03-30', '1999', 3604),
(474, '3604300378201301', 'I Fiona', 'Serang', '1978-03-30', '2013', 3604),
(475, '3605010466200401', 'Mustofa Hanifah', 'Serang', '1966-04-01', '2004', 3605),
(476, '3605090977200401', 'Mario Naufal Rumanti', 'Serang', '1977-09-09', '2004', 3605),
(477, '3605090977201101', 'Sebastian Hartina', 'Serang', '1977-09-09', '2011', 3605),
(478, '3605110990201401', 'Devito Rachma', 'Serang', '1990-09-11', '2014', 3605),
(479, '3605121172201101', 'Yola Mitsuko', 'Serang', '1972-11-12', '2011', 3605),
(480, '3605220381201601', 'Azhar Noor', 'Serang', '1981-03-22', '2016', 3605),
(481, '5101070770199401', 'Andrilla Wardani', 'Serang', '1970-07-07', '1994', 5101),
(482, '5101111161198701', 'Lintang Ardiansyah', 'Serang', '1961-11-11', '1987', 5101),
(483, '5101171086200901', 'Muhammad Deka Loren', 'Serang', '1986-10-17', '2009', 5101),
(484, '5101220272198701', 'Cakra Amalina', 'Serang', '1972-02-22', '2001', 5101),
(485, '5101290670199401', 'Priyohadi Melinda', 'Serang', '1970-06-29', '1994', 5101),
(486, '5101301088201001', 'Bayu Dufay', 'Serang', '1988-10-30', '2010', 5101),
(487, '5102010179200001', 'Sugraha Amaliya', 'Serang', '1979-01-01', '2000', 5102),
(488, '5102010179201701', 'Aulia Hardianti', 'Serang', '1979-01-01', '2017', 5102),
(489, '5102060987201101', 'Rico Jordy', 'Serang', '1987-09-06', '2011', 5102),
(490, '5102090968200001', 'Achmad Dewanti', 'Serang', '1968-09-09', '2000', 5102),
(491, '5102270574199901', 'Firdaus Munikasari', 'Serang', '1974-05-27', '1999', 5102),
(492, '5102290182201701', 'Humam Tanjung', 'Serang', '1982-01-29', '2017', 5102),
(493, '5103030170201801', 'Aburachman Acbar', 'Serang', '1970-03-03', '2018', 5103),
(494, '5103040474200001', 'Bimo Rafles', 'Serang', '1974-04-04', '2000', 5103),
(495, '5103040474200002', 'Jeremy Bimo Chaerunnisa', 'Serang', '1974-04-04', '2000', 5103),
(496, '5103160877200101', 'Deristya Ayudhani', 'Serang', '1977-08-16', '2001', 5103),
(497, '5103190980200001', 'Firas Nurkhasanah', 'Serang', '1980-09-19', '2000', 5103),
(498, '5103251080200001', 'Rangga Devi', 'Serang', '1980-10-25', '2000', 5103),
(499, '5104010292200801', 'Andi Raka', 'Serang', '1992-02-01', '2008', 5104),
(500, '5104020393201401', 'Irsan Sayoga', 'Serang', '1993-03-02', '2014', 5104),
(501, '5104030787201301', 'Tesa Obara', 'Serang', '1987-07-03', '2013', 5104),
(502, '5104150967201201', 'Ayu Husein', 'Serang', '1967-09-15', '2012', 5104),
(503, '5104300378199901', 'Hanny Eda', 'Serang', '1978-03-30', '1999', 5104),
(504, '5104300378201301', 'Saqina Susfa', 'Serang', '1978-03-30', '2013', 5104),
(505, '5105010466200401', 'Tari Arrauf', 'Serang', '1966-04-01', '2004', 5105),
(506, '5105090977200401', 'Renita Khasanah', 'Serang', '1977-09-09', '2004', 5105),
(507, '5105090977201101', 'Tiara Titiek Noordien', 'Serang', '1977-09-09', '2011', 5105),
(508, '5105110990201401', 'Rianita Sunanto', 'Serang', '1990-09-11', '2014', 5105),
(509, '5105121172201101', 'Ratu Gorat', 'Serang', '1972-11-12', '2011', 5105),
(510, '5105220381201601', 'Mustika Akbar', 'Serang', '1981-03-22', '2016', 5105),
(511, '5201070770199401', 'Restia Yuniara', 'Serang', '1970-07-07', '1994', 5201),
(512, '5201111161198701', 'Hana Defara Ratnasari', 'Serang', '1961-11-11', '1987', 5201),
(513, '5201171086200901', 'Rofiqotul Mubasyiroh', 'Serang', '1986-10-17', '2009', 5201),
(514, '5201220272198701', 'Labaika Sukmamuliawanty', 'Serang', '1972-02-22', '2001', 5201),
(515, '5201290670199401', 'Febby Virani', 'Serang', '1970-06-29', '1994', 5201),
(516, '5201301088201001', 'Noor Nurhazrati', 'Serang', '1988-10-30', '2010', 5201),
(517, '5202010179200001', 'Irmalia Mirza', 'Serang', '1979-01-01', '2000', 5202),
(518, '5202010179201701', 'Puspa Malinda', 'Serang', '1979-01-01', '2017', 5202),
(519, '5202060987201101', 'Syavira Hermawaty', 'Serang', '1987-09-06', '2011', 5202),
(520, '5202090968200001', 'Adelia Ihatrayudha', 'Serang', '1968-09-09', '2000', 5202),
(521, '5202270574199901', 'Fitria Narendra', 'Serang', '1974-05-27', '1999', 5202),
(522, '5202290182201701', 'Nurmi Saraswati', 'Serang', '1982-01-29', '2017', 5202),
(523, '5203030170201801', 'Selfita Sumlang', 'Serang', '1970-03-03', '2018', 5203),
(524, '5203040474200001', 'Avrilla Fundrika', 'Serang', '1974-04-04', '2000', 5203),
(525, '5203040474200002', 'June Nazarullah', 'Serang', '1974-04-04', '2000', 5203),
(526, '5203160877200101', 'Megawati Fauzunuria', 'Serang', '1977-08-16', '2001', 5203),
(527, '5203190980200001', 'Shara Elliza Kusuma', 'Serang', '1980-09-19', '2000', 5203),
(528, '5203251080200001', 'Vinny Jenifer Widyatama', 'Serang', '1980-10-25', '2000', 5203),
(529, '5204010292200801', 'Cynthia Amaliya', 'Serang', '1992-02-01', '2008', 5204),
(530, '5204020393201401', 'Fauziyah Azzad', 'Serang', '1993-03-02', '2014', 5204),
(531, '5204030787201301', 'Silviana Hani Purwahyuningrum', 'Serang', '1987-07-03', '2013', 5204),
(532, '5204150967201201', 'Rifanny Octaviana', 'Serang', '1967-09-15', '2012', 5204),
(533, '5204300378199901', 'Aprilia Amrullah', 'Serang', '1978-03-30', '1999', 5204),
(534, '5204300378201301', 'Frisca Jordy', 'Serang', '1978-03-30', '2013', 5204),
(535, '5205010466200401', 'Cintya Elvira', 'Serang', '1966-04-01', '2004', 5205),
(536, '5205090977200401', 'Caesarani Rumanti', 'Serang', '1977-09-09', '2004', 5205),
(537, '5205090977201101', 'Sephira Neva Jaya', 'Serang', '1977-09-09', '2011', 5205),
(538, '5205110990201401', 'Nella Febriani', 'Serang', '1990-09-11', '2014', 5205),
(539, '5205121172201101', 'Tessa Aprisilia', 'Serang', '1972-11-12', '2011', 5205),
(540, '5205220381201601', 'Zara Atsila', 'Serang', '1981-03-22', '2016', 5205),
(541, '5301070770199401', 'Dessy Aswati', 'Serang', '1970-07-07', '1994', 5301),
(542, '5301111161198701', 'Nindya Hidayatul', 'Serang', '1961-11-11', '1987', 5301),
(543, '5301171086200901', 'Vina Nirmala', 'Serang', '1986-10-17', '2009', 5301),
(544, '5301220272198701', 'Arsya Asih', 'Serang', '1972-02-22', '2001', 5301),
(545, '5301290670199401', 'Safirah Hamada', 'Serang', '1970-06-29', '1994', 5301),
(546, '5301301088201001', 'Yuliana Ramadhan', 'Serang', '1988-10-30', '2010', 5301),
(547, '5302010179200001', 'Hendriyawati Juwita', 'Serang', '1979-01-01', '2000', 5302),
(548, '5302010179201701', 'Artika Lestari', 'Serang', '1979-01-01', '2017', 5302),
(549, '5302060987201101', 'Chika Listyani', 'Serang', '1987-09-06', '2011', 5302),
(550, '5302090968200001', 'Evelin Desiana', 'Serang', '1968-09-09', '2000', 5302),
(551, '5302270574199901', 'Dwira Oktavia', 'Serang', '1974-05-27', '1999', 5302),
(552, '5302290182201701', 'Desca Jaelani', 'Riau', '1982-01-29', '2017', 5302),
(553, '5303030170201801', 'Marini Mayori', 'Riau', '1970-03-03', '2018', 5303),
(554, '5303040474200001', 'Ruthcharuni Hidayat', 'Riau', '1974-04-04', '2000', 5303),
(555, '5303040474200002', 'Rahmigina Johirin', 'Riau', '1974-04-04', '2000', 5303),
(556, '5303160877200101', 'Nabilah Usra', 'Riau', '1977-08-16', '2001', 5303),
(557, '5303190980200001', 'Jesica Nuraini', 'Riau', '1980-09-19', '2000', 5303),
(558, '5303251080200001', 'Rahma Sianne Satrio', 'Riau', '1980-10-25', '2000', 5303),
(559, '5304010292200801', 'Soraya Prapastia', 'Riau', '1992-02-01', '2008', 5304),
(560, '5304020393201401', 'Septi Salma', 'Riau', '1993-03-02', '2014', 5304),
(561, '5304030787201301', 'Weny K', 'Riau', '1987-07-03', '2013', 5304),
(562, '5304150967201201', 'Mayang Hartina', 'Riau', '1967-09-15', '2012', 5304),
(563, '5304300378199901', 'Raden Abrianto', 'Riau', '1978-03-30', '1999', 5304),
(564, '5304300378201301', 'Rahmalia Oklita', 'Riau', '1978-03-30', '2013', 5304),
(565, '5305010466200401', 'Yova Amalia', 'Riau', '1966-04-01', '2004', 5305),
(566, '5305090977200401', 'Tangen Hutauruk', 'Riau', '1977-09-09', '2004', 5305),
(567, '5305090977201101', 'Raelita Sobirin', 'Riau', '1977-09-09', '2011', 5305),
(568, '5305110990201401', 'Ries Denya Syahrani', 'Riau', '1990-09-11', '2014', 5305),
(569, '5305121172201101', 'Putri Kikhmah Ervya', 'Riau', '1972-11-12', '2011', 5305),
(570, '5305220381201601', 'Desyandi Atsila', 'Riau', '1981-03-22', '2016', 5305),
(571, '6101070770199401', 'Kautsar Eni Hendrika', 'Riau', '1970-07-07', '1994', 6101),
(572, '6101111161198701', 'Pratiwi Agustin Prasanti', 'Riau', '1961-11-11', '1987', 6101),
(573, '6101171086200901', 'Anisa Susfa', 'Riau', '1986-10-17', '2009', 6101),
(574, '6101220272198701', 'Fitria Amira', 'Riau', '1972-02-22', '2001', 6101),
(575, '6101290670199401', 'Nelly Tangen Hidayatullah', 'Riau', '1970-06-29', '1994', 6101),
(576, '6101301088201001', 'Devy Sukmamuliawanty', 'Riau', '1988-10-30', '2010', 6101),
(577, '6102010179200001', 'Amelinda Nandita', 'Riau', '1979-01-01', '2000', 6102),
(578, '6102010179201701', 'Septania Mia Abelardo', 'Riau', '1979-01-01', '2017', 6102),
(579, '6102060987201101', 'Berty Qosthory', 'Riau', '1987-09-06', '2011', 6102),
(580, '6102090968200001', 'Karlina Tabriiz', 'Riau', '1968-09-09', '2000', 6102),
(581, '6102270574199901', 'Fernanda Ernando', 'Riau', '1974-05-27', '1999', 6102),
(582, '6102290182201701', 'Anastasia Geryance', 'Riau', '1982-01-29', '2017', 6102),
(583, '6103030170201801', 'Ratih Pinem', 'Riau', '1970-03-03', '2018', 6103),
(584, '6103040474200001', 'Dessy Arahman', 'Riau', '1974-04-04', '2000', 6103),
(585, '6103040474200002', 'Kathy Amalina', 'Riau', '1974-04-04', '2000', 6103),
(586, '6103160877200101', 'Asti Natalia', 'Riau', '1977-08-16', '2001', 6103),
(587, '6103190980200001', 'Dea Siwi', 'Riau', '1980-09-19', '2000', 6103),
(588, '6103251080200001', 'Arinda Adhitama', 'Riau', '1980-10-25', '2000', 6103),
(589, '6104010292200801', 'Anita Tantin', 'Riau', '1992-02-01', '2008', 6104),
(590, '6104020393201401', 'Angel Haq', 'Riau', '1993-03-02', '2014', 6104),
(591, '6104030787201301', 'Wan Hasan', 'Riau', '1987-07-03', '2013', 6104),
(592, '6104150967201201', 'Suaidatunnajah Pawarti', 'Riau', '1967-09-15', '2012', 6104),
(593, '6104300378199901', 'Yessi Ovienov Primanelza', 'Riau', '1978-03-30', '1999', 6104),
(594, '6104300378201301', 'Hasiana Lonika', 'Riau', '1978-03-30', '2013', 6104),
(595, '6105010466200401', 'Labaika Septian', 'Riau', '1966-04-01', '2004', 6105),
(596, '6105090977200401', 'Iga Devy Delmeizar', 'Riau', '1977-09-09', '2004', 6105),
(597, '6105090977201101', 'Caesarani Fikri', 'Riau', '1977-09-09', '2011', 6105),
(598, '6105110990201401', 'Inneke Anindya', 'Riau', '1990-09-11', '2014', 6105),
(599, '6105121172201101', 'Salsabila Anjani', 'Riau', '1972-11-12', '2011', 6105),
(600, '6105220381201601', 'Satyawati Zahaira', 'Riau', '1981-03-22', '2016', 6105),
(601, '6201070770199401', 'Pratama Yuliyanti', 'Riau', '1970-07-07', '1994', 6201),
(602, '6201111161198701', 'Aulia Chaerul Rudiatin', 'Riau', '1961-11-11', '1987', 6201),
(603, '6201171086200901', 'Mustofa Zulaeha', 'Riau', '1986-10-17', '2009', 6201),
(604, '6201220272198701', 'Mubarak Suandhini', 'Riau', '1972-02-22', '2001', 6201),
(605, '6201290670199401', 'Indra Jhon Chairunisa', 'Riau', '1970-06-29', '1994', 6201),
(606, '6201301088201001', 'Agus Persadani', 'Riau', '1988-10-30', '2010', 6201);
INSERT INTO `pegawai` (`id`, `NIP`, `nama`, `tempat_lahir`, `tanggal_lahir`, `tahun_masuk`, `id_instansi`) VALUES
(607, '6202010179200001', 'Maruto Fauzunuria', 'Riau', '1979-01-01', '2000', 6202),
(608, '6202010179201701', 'Andrie Devi', 'Riau', '1979-01-01', '2017', 6202),
(609, '6202060987201101', 'Sugraha Qosthory', 'Riau', '1987-09-06', '2011', 6202),
(610, '6202090968200001', 'Rizki Soleha', 'Riau', '1968-09-09', '2000', 6202),
(611, '6202270574199901', 'Fajar Kusuma', 'Riau', '1974-05-27', '1999', 6202),
(612, '6202290182201701', 'Andi Pratama Satrio', 'Riau', '1982-01-29', '2017', 6202),
(613, '6203030170201801', 'Jova Yuliyansih', 'Riau', '1970-03-03', '2018', 6203),
(614, '6203040474200001', 'Irsan Widiyasari', 'Riau', '1974-04-04', '2000', 6203),
(615, '6203040474200002', 'Rinaldy Beckley Maulana', 'Riau', '1974-04-04', '2000', 6203),
(616, '6203160877200101', 'Rifqy Saura', 'Riau', '1977-08-16', '2001', 6203),
(617, '6203190980200001', 'Roy Hidayah', 'Riau', '1980-09-19', '2000', 6203),
(618, '6203251080200001', 'Gilang Widyaningtias', 'Riau', '1980-10-25', '2000', 6203),
(619, '6204010292200801', 'Devito Maulina', 'Riau', '1992-02-01', '2008', 6204),
(620, '6204020393201401', 'Teddo Desiana', 'Riau', '1993-03-02', '2014', 6204),
(621, '6204030787201301', 'Abdullah Mazaya', 'Riau', '1987-07-03', '2013', 6204),
(622, '6204150967201201', 'Rio Latifani', 'Riau', '1967-09-15', '2012', 6204),
(623, '6204300378199901', 'Aggil Nurfalah', 'Riau', '1978-03-30', '1999', 6204),
(624, '6204300378201301', 'Julian Bagir', 'Riau', '1978-03-30', '2013', 6204),
(625, '6205010466200401', 'Elvin Mark Mirza', 'Riau', '1966-04-01', '2004', 6205),
(626, '6205090977200401', 'Adityo Berian Setiarini', 'Riau', '1977-09-09', '2004', 6205),
(627, '6205090977201101', 'Rifat Alvianingrum', 'Riau', '1977-09-09', '2011', 6205),
(628, '6205110990201401', 'Irlan Nazarullah', 'Riau', '1990-09-11', '2014', 6205),
(629, '6205121172201101', 'Sumandi Hutahaean', 'Riau', '1972-11-12', '2011', 6205),
(630, '6205220381201601', 'Khaznan Giarini', 'Riau', '1981-03-22', '2016', 6205),
(631, '6301070770199401', 'Jhon Ainina', 'Riau', '1970-07-07', '1994', 6301),
(632, '6301111161198701', 'Sujendro Purwahyuningrum', 'Riau', '1961-11-11', '1987', 6301),
(633, '6301171086200901', 'Rangga Priyanni', 'Riau', '1986-10-17', '2009', 6301),
(634, '6301220272198701', 'Hizrian Seviana', 'Riau', '1972-02-22', '2001', 6301),
(635, '6301290670199401', 'Adisdi Tika', 'Riau', '1970-06-29', '1994', 6301),
(636, '6301301088201001', 'Riechal Varensia', 'Riau', '1988-10-30', '2010', 6301),
(637, '6302010179200001', 'Dhika Tursia', 'Riau', '1979-01-01', '2000', 6302),
(638, '6302010179201701', 'Aldo Gayatri', 'Riau', '1979-01-01', '2017', 6302),
(639, '6302060987201101', 'Marza Primavera', 'Riau', '1987-09-06', '2011', 6302),
(640, '6302090968200001', 'Yusuf Hendrika', 'Riau', '1968-09-09', '2000', 6302),
(641, '6302270574199901', 'Izhar Asmarandana', 'Makassar', '1974-05-27', '1999', 6302),
(642, '6302290182201701', 'Fauzan Junaidi', 'Makassar', '1982-01-29', '2017', 6302),
(643, '6303030170201801', 'Asyrafi Ayuriza', 'Makassar', '1970-03-03', '2018', 6303),
(644, '6303040474200001', 'Jeremiah Indra Rini', 'Makassar', '1974-04-04', '2000', 6303),
(645, '6303040474200002', 'Yosafat Mutiara', 'Makassar', '1974-04-04', '2000', 6303),
(646, '6303160877200101', 'Syahid Khansa', 'Makassar', '1977-08-16', '2001', 6303),
(647, '6303190980200001', 'Yudha Yusdwindra', 'Makassar', '1980-09-19', '2000', 6303),
(648, '6303251080200001', 'Anas Nisa', 'Makassar', '1980-10-25', '2000', 6303),
(649, '6304010292200801', 'Mirza Prasojo', 'Makassar', '1992-02-01', '2008', 6304),
(650, '6304020393201401', 'Finaldi Ramadhansyah', 'Makassar', '1993-03-02', '2014', 6304),
(651, '6304030787201301', 'Miriam Prahasti', 'Makassar', '1987-07-03', '2013', 6304),
(652, '6304150967201201', 'Bonita Arfianti', 'Makassar', '1967-09-15', '2012', 6304),
(653, '6304300378199901', 'Nael Hutahaean', 'Makassar', '1978-03-30', '1999', 6304),
(654, '6304300378201301', 'Tessa Ihsanuddin', 'Makassar', '1978-03-30', '2013', 6304),
(655, '6305010466200401', 'Suci Julianto', 'Makassar', '1966-04-01', '2004', 6305),
(656, '6305090977200401', 'Anindyanti Nurhazrati', 'Makassar', '1977-09-09', '2004', 6305),
(657, '6305090977201101', 'Feradhia Widyatama', 'Makassar', '1977-09-09', '2011', 6305),
(658, '6305110990201401', 'Nella Aminullah', 'Makassar', '1990-09-11', '2014', 6305),
(659, '6305121172201101', 'Arini Rizky', 'Makassar', '1972-11-12', '2011', 6305),
(660, '6305220381201601', 'Febby Fathir', 'Makassar', '1981-03-22', '2016', 6305),
(661, '6401070770199401', 'Intan Anindyanti Persadani', 'Makassar', '1970-07-07', '1994', 6401),
(662, '6401111161198701', 'Mayang Natanael', 'Makassar', '1961-11-11', '1987', 6401),
(663, '6401171086200901', 'Ferani Prasetyo', 'Makassar', '1986-10-17', '2009', 6401),
(664, '6401220272198701', 'Fauziyah Prawita', 'Makassar', '1972-02-22', '2001', 6401),
(665, '6401290670199401', 'Shara Dayanti', 'Makassar', '1970-06-29', '1994', 6401),
(666, '6401301088201001', 'Winda Arrauf', 'Makassar', '1988-10-30', '2010', 6401),
(667, '6402010179200001', 'Caesariana Marvina', 'Makassar', '1979-01-01', '2000', 6402),
(668, '6402010179201701', 'Dessy Varensia', 'Makassar', '1979-01-01', '2017', 6402),
(669, '6402060987201101', 'Syarifah Novita', 'Makassar', '1987-09-06', '2011', 6402),
(670, '6402090968200001', 'Raelita Riski Raka', 'Makassar', '1968-09-09', '2000', 6402),
(671, '6402270574199901', 'Agustin Bertauli', 'Makassar', '1974-05-27', '1999', 6402),
(672, '6402290182201701', 'Carol Fadhillah', 'Makassar', '1982-01-29', '2017', 6402),
(673, '6403030170201801', 'Mestika Hastari', 'Makassar', '1970-03-03', '2018', 6403),
(674, '6403040474200001', 'Lusiana Yuniara', 'Makassar', '1974-04-04', '2000', 6403),
(675, '6403040474200002', 'Ovienov Hayati', 'Makassar', '1974-04-04', '2000', 6403),
(676, '6403160877200101', 'Rarahayu Ovienov Isnaini', 'Makassar', '1977-08-16', '2001', 6403),
(677, '6403190980200001', 'Devy Sasna', 'Makassar', '1980-09-19', '2000', 6403),
(678, '6403251080200001', 'Hendriyawati Riahdita', 'Makassar', '1980-10-25', '2000', 6403),
(679, '6404010292200801', 'Nurul Hendrika', 'Makassar', '1992-02-01', '2008', 6404),
(680, '6404020393201401', 'Kharisma Balqis', 'Makassar', '1993-03-02', '2014', 6404),
(681, '6404030787201301', 'Lutfia Fiani Maharani', 'Makassar', '1987-07-03', '2013', 6404),
(682, '6404150967201201', 'Shintany Berty Carolina', 'Makassar', '1967-09-15', '2012', 6404),
(683, '6404300378199901', 'Safirah Eskavia Aiman', 'Makassar', '1978-03-30', '1999', 6404),
(684, '6404300378201301', 'Tyas Salma', 'Makassar', '1978-03-30', '2013', 6404),
(685, '6405010466200401', 'Dita Septefani', 'Makassar', '1966-04-01', '2004', 6405),
(686, '6405090977200401', 'Kartika Nadiya Wijaya', 'Makassar', '1977-09-09', '2004', 6405),
(687, '6405090977201101', 'Qatrun Tilasnuari', 'Makassar', '1977-09-09', '2011', 6405),
(688, '6405110990201401', 'Shelly Mustikawati', 'Makassar', '1990-09-11', '2014', 6405),
(689, '6405121172201101', 'Mariana Juliyanto', 'Makassar', '1972-11-12', '2011', 6405),
(690, '6405220381201601', 'Wiwied Widyatmo', 'Makassar', '1981-03-22', '2016', 6405),
(691, '6501070770199401', 'Kathy Asjari', 'Makassar', '1970-07-07', '1994', 6501),
(692, '6501111161198701', 'Rynelda Sundah', 'Makassar', '1961-11-11', '1987', 6501),
(693, '6501171086200901', 'Adzkiya Agustina', 'Makassar', '1986-10-17', '2009', 6501),
(694, '6501220272198701', 'Neva Choirunnisa Irwanto', 'Makassar', '1972-02-22', '2001', 6501),
(695, '6501290670199401', 'Shabrina Ridanty', 'Makassar', '1970-06-29', '1994', 6501),
(696, '6501301088201001', 'Della Noviana', 'Makassar', '1988-10-30', '2010', 6501),
(697, '6502010179200001', 'Ardha Noverlia', 'Makassar', '1979-01-01', '2000', 6502),
(698, '6502010179201701', 'Noor Rudiatin', 'Makassar', '1979-01-01', '2017', 6502),
(699, '6502060987201101', 'Triska Agnes Ariefandi', 'Makassar', '1987-09-06', '2011', 6502),
(700, '6502090968200001', 'Nita Nopilianti', 'Makassar', '1968-09-09', '2000', 6502),
(701, '6502270574199901', 'Satrya Aruti', 'Makassar', '1974-05-27', '1999', 6502),
(702, '6502290182201701', 'Fatahillah Ariyadi Khansa', 'Makassar', '1982-01-29', '2017', 6502),
(703, '6503030170201801', 'Sakti Chairunissa', 'Makassar', '1970-03-03', '2018', 6503),
(704, '6503040474200001', 'Akbar Arthur Idayu', 'Makassar', '1974-04-04', '2000', 6503),
(705, '6503040474200002', 'Arrivalda Setiarini', 'Makassar', '1974-04-04', '2000', 6503),
(706, '6503160877200101', 'Sujendro Acbar', 'Makassar', '1977-08-16', '2001', 6503),
(707, '6503190980200001', 'Nicolas Farzilah', 'Makassar', '1980-09-19', '2000', 6503),
(708, '6503251080200001', 'Fariz Annas', 'Makassar', '1980-10-25', '2000', 6503),
(709, '6504010292200801', 'Banni Alika', 'Makassar', '1992-02-01', '2008', 6504),
(710, '6504020393201401', 'Mustofa Febrianto', 'Makassar', '1993-03-02', '2014', 6504),
(711, '6504030787201301', 'Aulia Nurkhasanah', 'Makassar', '1987-07-03', '2013', 6504),
(712, '6504150967201201', 'Mark Junaidi', 'Makassar', '1967-09-15', '2012', 6504),
(713, '6504300378199901', 'Fikri Natalia', 'Makassar', '1978-03-30', '1999', 6504),
(714, '6504300378201301', 'Beckley Husein', 'Makassar', '1978-03-30', '2013', 6504),
(715, '6505010466200401', 'Bimo Wirawan', 'Palangkaraya', '1966-04-01', '2004', 6505),
(716, '6505090977200401', 'Muhammad Mark Fachria', 'Palangkaraya', '1977-09-09', '2004', 6505),
(717, '6505090977201101', 'Herdaru Fauzunuria', 'Palangkaraya', '1977-09-09', '2011', 6505),
(718, '6505110990201401', 'Priyohadi Lonika', 'Palangkaraya', '1990-09-11', '2014', 6505),
(719, '6505121172201101', 'Mario Anindya', 'Palangkaraya', '1972-11-12', '2011', 6505),
(720, '6505220381201601', 'Kevin Widyaningtias', 'Palangkaraya', '1981-03-22', '2016', 6505),
(721, '7101070770199401', 'Yuda Rifqy Journalisanda', 'Palangkaraya', '1970-07-07', '1994', 7101),
(722, '7101111161198701', 'Hafizh Saura', 'Palangkaraya', '1961-11-11', '1987', 7101),
(723, '7101171086200901', 'Ryan Zulfianna', 'Palangkaraya', '1986-10-17', '2009', 7101),
(724, '7101220272198701', 'Yenu Agustina', 'Palangkaraya', '1972-02-22', '2001', 7101),
(725, '7101290670199401', 'Rico Pringganti', 'Palangkaraya', '1970-06-29', '1994', 7101),
(726, '7101301088201001', 'Adityo Habiba', 'Palangkaraya', '1988-10-30', '2010', 7101),
(727, '7102010179200001', 'Mirza Hamada', 'Palangkaraya', '1979-01-01', '2000', 7102),
(728, '7102010179201701', 'Juno Rifqi', 'Palangkaraya', '1979-01-01', '2017', 7102),
(729, '7102060987201101', 'Andrilla Pangestu', 'Palangkaraya', '1987-09-06', '2011', 7102),
(730, '7102090968200001', 'Radja Herdani', 'Palangkaraya', '1968-09-09', '2000', 7102),
(731, '7102270574199901', 'Bony Pradana', 'Palangkaraya', '1974-05-27', '1999', 7102),
(732, '7102290182201701', 'Eka Rahmasari', 'Palangkaraya', '1982-01-29', '2017', 7102),
(733, '7103030170201801', 'Dicky Rizkia', 'Palangkaraya', '1970-03-03', '2018', 7103),
(734, '7103040474200001', 'Berian Fajriah', 'Palangkaraya', '1974-04-04', '2000', 7103),
(735, '7103040474200002', 'Miftachul Diva', 'Palangkaraya', '1974-04-04', '2000', 7103),
(736, '7103160877200101', 'Givan Sinuka', 'Palangkaraya', '1977-08-16', '2001', 7103),
(737, '7103190980200001', 'Mochammad Andjani', 'Palangkaraya', '1980-09-19', '2000', 7103),
(738, '7103251080200001', 'Redian Oktafiyanti', 'Palangkaraya', '1980-10-25', '2000', 7103),
(739, '7104010292200801', 'Fahdnul Farizi', 'Palangkaraya', '1992-02-01', '2008', 7104),
(740, '7104020393201401', 'Omar Indra', 'Palangkaraya', '1993-03-02', '2014', 7104),
(741, '7104030787201301', 'Syahrul Rahmawati', 'Palangkaraya', '1987-07-03', '2013', 7104),
(742, '7104150967201201', 'Rio Rooswati', 'Palangkaraya', '1967-09-15', '2012', 7104),
(743, '7104300378199901', 'Fajri Saraswati', 'Palangkaraya', '1978-03-30', '1999', 7104),
(744, '7104300378201301', 'Rinaldy Kharisma', 'Palangkaraya', '1978-03-30', '2013', 7104),
(745, '7105010466200401', 'Sutrisno Utami', 'Palangkaraya', '1966-04-01', '2004', 7105),
(746, '7105090977200401', 'Sofyan Christine', 'Palangkaraya', '1977-09-09', '2004', 7105),
(747, '7105090977201101', 'Ilyas Mariana', 'Palangkaraya', '1977-09-09', '2011', 7105),
(748, '7105110990201401', 'Arfan Ivangkia', 'Palangkaraya', '1990-09-11', '2014', 7105),
(749, '7105121172201101', 'Kenneth Prasojo', 'Palangkaraya', '1972-11-12', '2011', 7105),
(750, '7105220381201601', 'Arie Saradina', 'Palangkaraya', '1981-03-22', '2016', 7105),
(751, '7201070770199401', 'Aldo Sumlang', 'Palangkaraya', '1970-07-07', '1994', 7201),
(752, '7201111161198701', 'Ariyadi Rialdhie', 'Palangkaraya', '1961-11-11', '1987', 7201),
(753, '7201171086200901', 'Edy Noor', 'Palangkaraya', '1986-10-17', '2009', 7201),
(754, '7201220272198701', 'Fahlian Usmani', 'Palangkaraya', '1972-02-22', '2001', 7201),
(755, '7201290670199401', 'Bintang Zahaira', 'Palangkaraya', '1970-06-29', '1994', 7201),
(756, '7201301088201001', 'Dwiki Zwestyningrum', 'Palangkaraya', '1988-10-30', '2010', 7201),
(757, '7202010179200001', 'Gusti Sinuka', 'Palangkaraya', '1979-01-01', '2000', 7202),
(758, '7202010179201701', 'Aswin Hotasi', 'Palangkaraya', '1979-01-01', '2017', 7202),
(759, '7202060987201101', 'Beckley Ramadhan', 'Palangkaraya', '1987-09-06', '2011', 7202),
(760, '7202090968200001', 'Naufal Fathir', 'Palangkaraya', '1968-09-09', '2000', 7202),
(761, '7202270574199901', 'Rahardianto Maharani', 'Palangkaraya', '1974-05-27', '1999', 7202),
(762, '7202290182201701', 'Sujendro Hendrika', 'Palangkaraya', '1982-01-29', '2017', 7202),
(763, '7203030170201801', 'Allen Hermawaty', 'Palangkaraya', '1970-03-03', '2018', 7203),
(764, '7203040474200001', 'Hizkia Adha', 'Palangkaraya', '1974-04-04', '2000', 7203),
(765, '7203040474200002', 'Rifqi Tiodimar', 'Palangkaraya', '1974-04-04', '2000', 7203),
(766, '7203160877200102', 'Rheza Khansa', 'Palangkaraya', '1977-08-16', '2001', 7203),
(767, '7203190980200001', 'Aufa Putri', 'Palangkaraya', '1980-09-19', '2000', 7203),
(768, '7203251080200001', 'Nicolas P', 'Palangkaraya', '1980-10-25', '2000', 7203),
(769, '7204010292200801', 'Ray Saradina', 'Palangkaraya', '1992-02-01', '2008', 7204),
(770, '7204020393201401', 'Yosafat Natanael', 'Palangkaraya', '1993-03-02', '2014', 7204),
(771, '7204030787201301', 'Izhar Hadyan', 'Palangkaraya', '1987-07-03', '2013', 7204),
(772, '7204150967201201', 'Dicky Nadya', 'Palangkaraya', '1967-09-15', '2012', 7204),
(773, '7204300378199901', 'Rifqy Mariana', 'Palangkaraya', '1978-03-30', '1999', 7204),
(774, '7204300378201301', 'Adisdi Yati', 'Palangkaraya', '1978-03-30', '2013', 7204),
(775, '7205010466200401', 'Surya Usra', 'Palangkaraya', '1966-04-01', '2004', 7205),
(776, '7205090977200401', 'Marvel Sucipto', 'Palangkaraya', '1977-09-09', '2004', 7205),
(777, '7205090977201101', 'Muhamad Adisanyoto', 'Palangkaraya', '1977-09-09', '2011', 7205),
(778, '7205110990201401', 'Redian Asjari', 'Palangkaraya', '1990-09-11', '2014', 7205),
(779, '7205121172201101', 'Chandra Fauzan Mandarasari', 'Palangkaraya', '1972-11-12', '2011', 7205),
(780, '7205220381201601', 'Mohammad Arfianti', 'Palangkaraya', '1981-03-22', '2016', 7205),
(781, '7301070770199401', 'Cakra Pambudi', 'Palangkaraya', '1970-07-07', '1994', 7301),
(782, '7301111161198701', 'Fandy Manar', 'Lombok', '1961-11-11', '1987', 7301),
(783, '7301171086200901', 'Andriawan Rafles', 'Lombok', '1986-10-17', '2009', 7301),
(784, '7301220272198701', 'Taufik Niroha', 'Lombok', '1972-02-22', '2001', 7301),
(785, '7301290670199401', 'Abdullah Lestari', 'Lombok', '1970-06-29', '1994', 7301),
(786, '7301301088201001', 'Dede Nurhazrati', 'Lombok', '1988-10-30', '2010', 7301),
(787, '7302010179200001', 'Ogie Susanto', 'Lombok', '1979-01-01', '2000', 7302),
(788, '7302010179201701', 'Arrivaldi Fadholi', 'Lombok', '1979-01-01', '2017', 7302),
(789, '7302060987201101', 'Radja Juliyanto', 'Lombok', '1987-09-06', '2011', 7302),
(790, '7302090968200001', 'Permana Salma', 'Lombok', '1968-09-09', '2000', 7302),
(791, '7302270574199901', 'Jeremiah Fudhail', 'Lombok', '1974-05-27', '1999', 7302),
(792, '7302290182201701', 'Emir Widyasmoro', 'Lombok', '1982-01-29', '2017', 7302),
(793, '7303030170201801', 'Christian Narimanda', 'Lombok', '1970-03-03', '2018', 7303),
(794, '7303040474200001', 'Yenu Tarigan', 'Lombok', '1974-04-04', '2000', 7303),
(795, '7303040474200002', 'Akbar Ryanda', 'Lombok', '1974-04-04', '2000', 7303),
(796, '7303160877200101', 'Revi Adhim Laurensia', 'Lombok', '1977-08-16', '2001', 7303),
(797, '7303190980200001', 'Singgih Devi', 'Lombok', '1980-09-19', '2000', 7303),
(798, '7303251080200001', 'Muhammad Kinandatsani', 'Lombok', '1980-10-25', '2000', 7303),
(799, '7304010292200801', 'Sigit Zahlia', 'Lombok', '1992-02-01', '2008', 7304),
(800, '7304020393201401', 'Revo Fahdnul Zakia', 'Lombok', '1993-03-02', '2014', 7304),
(801, '7304030787201301', 'Afrida Indriany', 'Lombok', '1987-07-03', '2013', 7304),
(802, '7304150967201201', 'Rynelda Usra', 'Lombok', '1967-09-15', '2012', 7304),
(803, '7304300378199901', 'Fadillah Hasni', 'Lombok', '1978-03-30', '1999', 7304),
(804, '7304300378201301', 'Yuliana Mitsuko', 'Lombok', '1978-03-30', '2013', 7304),
(805, '7305010466200401', 'Yenny Indi Nurullah', 'Lombok', '1966-04-01', '2004', 7305),
(806, '7305090977200401', 'Hanny Bunga Julianne', 'Lombok', '1977-09-09', '2004', 7305),
(807, '7305090977201101', 'Intan Hamada', 'Lombok', '1977-09-09', '2011', 7305),
(808, '7305110990201401', 'Ovienov Khansa', 'Lombok', '1990-09-11', '2014', 7305),
(809, '7305121172201101', 'Mutiara Anastasia Permatasari', 'Lombok', '1972-11-12', '2011', 7305),
(810, '7305220381201601', 'Ariesta Wahyuni', 'Lombok', '1981-03-22', '2016', 7305),
(811, '7401070770199401', 'Milati Pasha', 'Lombok', '1970-07-07', '1994', 7401),
(812, '7401111161198701', 'Prameswari Asih', 'Lombok', '1961-11-11', '1987', 7401),
(813, '7401171086200901', 'Noor Febrian', 'Lombok', '1986-10-17', '2009', 7401),
(814, '7401220272198701', 'Tiari Devi', 'Lombok', '1972-02-22', '2001', 7401),
(815, '7401290670199401', 'Una Noviana', 'Lombok', '1970-06-29', '1994', 7401),
(816, '7401301088201001', 'Esra Asmarandana', 'Lombok', '1988-10-30', '2010', 7401),
(817, '7402010179200001', 'Yosia Krishti', 'Lombok', '1979-01-01', '2000', 7402),
(818, '7402010179201701', 'Tifany Deviyanto', 'Lombok', '1979-01-01', '2017', 7402),
(819, '7402060987201101', 'Nurmi Sholikha', 'Lombok', '1987-09-06', '2011', 7402),
(820, '7402090968200001', 'Dina Ghifary', 'Lombok', '1968-09-09', '2000', 7402),
(821, '7402270574199901', 'Dea Listyani', 'Lombok', '1974-05-27', '1999', 7402),
(822, '7402290182201701', 'Marisa Widyaningtias', 'Lombok', '1982-01-29', '2017', 7402),
(823, '7403030170201801', 'Natasya Atiyasari', 'Lombok', '1970-03-03', '2018', 7403),
(824, '7403040474200001', 'Jenifer Fitri Wardhani', 'Lombok', '1974-04-04', '2000', 7403),
(825, '7403040474200002', 'Irmalia Hotasi', 'Lombok', '1974-04-04', '2000', 7403),
(826, '7403160877200101', 'Izzatul Khairina', 'Lombok', '1977-08-16', '2001', 7403),
(827, '7403190980200001', 'Chitra Laurensia', 'Lombok', '1980-09-19', '2000', 7403),
(828, '7403251080200001', 'Caesarani Chaerunnisa', 'Lombok', '1980-10-25', '2000', 7403),
(829, '7404010292200801', 'Amelinda Narimanda', 'Lombok', '1992-02-01', '2008', 7404),
(830, '7404020393201401', 'Yoan Indriastari', 'Lombok', '1993-03-02', '2014', 7404),
(831, '7404030787201301', 'Carol Riahdita', 'Lombok', '1987-07-03', '2013', 7404),
(832, '7404150967201201', 'Dwi Elvina Pamungkas', 'Lombok', '1967-09-15', '2012', 7404),
(833, '7404300378199901', 'Rocitha Elvira', 'Lombok', '1978-03-30', '1999', 7404),
(834, '7404300378201301', 'Tangen Azalia', 'Lombok', '1978-03-30', '2013', 7404),
(835, '7405010466200401', 'Raden Prapastia', 'Lombok', '1966-04-01', '2004', 7405),
(836, '7405090977200401', 'Sephira Sabrina Lestari', 'Lombok', '1977-09-09', '2004', 7405),
(837, '7405090977201101', 'Alika Rahmalia Mufti', 'Lombok', '1977-09-09', '2011', 7405),
(838, '7405110990201401', 'Caesariana Lisna Verev', 'Lombok', '1990-09-11', '2014', 7405),
(839, '7405121172201101', 'Farah Permana', 'Lombok', '1972-11-12', '2011', 7405),
(840, '7405220381201601', 'Ayuningtyas Dinantika', 'Lombok', '1981-03-22', '2016', 7405),
(841, '7501070770199401', 'Ayu Susfa', 'Lombok', '1970-07-07', '1994', 7501),
(842, '7501111161198701', 'Nabila Octivani', 'Lombok', '1961-11-11', '1987', 7501),
(843, '7501171086200901', 'Dian Sri Kurniawan', 'Lombok', '1986-10-17', '2009', 7501),
(844, '7501220272198701', 'Shelly Akbar', 'Lombok', '1972-02-22', '2001', 7501),
(845, '7501290670199401', 'Eva Apriyanto', 'Lombok', '1970-06-29', '1994', 7501),
(846, '7501301088201001', 'Yessi Wibisono', 'Lombok', '1988-10-30', '2010', 7501),
(847, '7502010179200001', 'Dinni Widihastuti', 'Lombok', '1979-01-01', '2000', 7502),
(848, '7502010179201701', 'Hanifa Hamdan', 'Lombok', '1979-01-01', '2017', 7502),
(849, '7502060987201101', 'Handayani Paramadina', 'Lombok', '1987-09-06', '2011', 7502),
(850, '7502090968200001', 'Denya Himawan', 'Lombok', '1968-09-09', '2000', 7502),
(851, '7502270574199901', 'Rynelda Noordien', 'Lombok', '1974-05-27', '1999', 7502),
(852, '7502290182201701', 'Aisyah Noor', 'Lombok', '1982-01-29', '2017', 7502),
(853, '7503030170201801', 'Shara Imran', 'Lombok', '1970-03-03', '2018', 7503),
(854, '7503040474200001', 'Hillery Khairani', 'Lombok', '1974-04-04', '2000', 7503),
(855, '7503040474200002', 'Nafila Atikah Isnandri', 'Lombok', '1974-04-04', '2000', 7503),
(856, '7503160877200101', 'Finkha Faradillah', 'Lombok', '1977-08-16', '2001', 7503),
(857, '7503190980200001', 'Annis Farida', 'Lombok', '1980-09-19', '2000', 7503),
(858, '7503251080200001', 'Fadillah Maydina', 'Lombok', '1980-10-25', '2000', 7503),
(859, '7504010292200801', 'Marini Risyad', 'Lombok', '1992-02-01', '2008', 7504),
(860, '7504020393201401', 'Brenda Krishti', 'Lombok', '1993-03-02', '2014', 7504),
(861, '7504030787201301', 'Bunga Natasya', 'Lombok', '1987-07-03', '2013', 7504),
(862, '7504150967201201', 'Hanako Qodir', 'Lombok', '1967-09-15', '2012', 7504),
(863, '7504300378199901', 'Diandra Hendrika', 'Lombok', '1978-03-30', '1999', 7504),
(864, '7504300378201301', 'Eti Fauziyah Ghifary', 'Lombok', '1978-03-30', '2013', 7504),
(865, '7505010466200401', 'Ayudyah Mariana', 'Lombok', '1966-04-01', '2004', 7505),
(866, '7505090977200401', 'Asti Rabani', 'Lombok', '1977-09-09', '2004', 7505),
(867, '7505090977201101', 'Anita Aswati', 'Lombok', '1977-09-09', '2011', 7505),
(868, '7505110990201401', 'Cindy Paramitha', 'Solo', '1990-09-11', '2014', 7505),
(869, '7505121172201101', 'Jamilah Adinda Nazarullah', 'Solo', '1972-11-12', '2011', 7505),
(870, '7505220381201601', 'Anisa Sulistyaningra', 'Solo', '1981-03-22', '2016', 7505),
(871, '7601070770199401', 'Fika Listisni', 'Solo', '1970-07-07', '1994', 7601),
(872, '7601111161198701', 'Candrakasi Alika Chairunissa', 'Solo', '1961-11-11', '1987', 7601),
(873, '7601171086200901', 'Liandra Yusdwindra', 'Solo', '1986-10-17', '2009', 7601),
(874, '7601220272198701', 'Frisca Vanesha', 'Solo', '1972-02-22', '2001', 7601),
(875, '7601290670199401', 'Clara Anggraini', 'Solo', '1970-06-29', '1994', 7601),
(876, '7601301088201001', 'Karima Varensia', 'Solo', '1988-10-30', '2010', 7601),
(877, '7602010179200001', 'Fildzhah Amadea Aprisilia', 'Solo', '1979-01-01', '2000', 7602),
(878, '7602010179201701', 'Desca Ardhi', 'Solo', '1979-01-01', '2017', 7602),
(879, '7602060987201101', 'Adzkiya Halida', 'Solo', '1987-09-06', '2011', 7602),
(880, '7602090968200001', 'Sarah Chitra Pratama', 'Solo', '1968-09-09', '2000', 7602),
(881, '7602270574199901', 'Raissa Bagir', 'Solo', '1974-05-27', '1999', 7602),
(882, '7602290182201701', 'Silviana Melfriza', 'Solo', '1982-01-29', '2017', 7602),
(883, '7603030170201801', 'Dwira Delmeizar', 'Solo', '1970-03-03', '2018', 7603),
(884, '7603040474200001', 'Ismi Ramadhan', 'Solo', '1974-04-04', '2000', 7603),
(885, '7603040474200002', 'Dara Arjanggi', 'Solo', '1974-04-04', '2000', 7603),
(886, '7603160877200101', 'Evany Hidayatullah', 'Solo', '1977-08-16', '2001', 7603),
(887, '7603190980200001', 'Imroatun Adisanyoto', 'Solo', '1980-09-19', '2000', 7603),
(888, '7603251080200001', 'Evelin Kartika Sumlang', 'Solo', '1980-10-25', '2000', 7603),
(889, '7604010292200801', 'Josephine Desy Noerani', 'Solo', '1992-02-01', '2008', 7604),
(890, '7604020393201401', 'Fildzah Erma Johirin', 'Solo', '1993-03-02', '2014', 7604),
(891, '7604030787201301', 'Triska Nistiyana', 'Solo', '1987-07-03', '2013', 7604),
(892, '7604150967201201', 'Kayraa Nathania', 'Solo', '1967-09-15', '2012', 7604),
(893, '7604300378199901', 'Ratu Cintya Hadyan', 'Solo', '1978-03-30', '1999', 7604),
(894, '7604300378201301', 'Rayhana Tantin', 'Solo', '1978-03-30', '2013', 7604),
(895, '7605010466200401', 'Kathy Hamdi', 'Solo', '1966-04-01', '2004', 7605),
(896, '7605090977200401', 'Alvina Octaza', 'Solo', '1977-09-09', '2004', 7605),
(897, '7605090977201101', 'Rizky Nizliandry', 'Solo', '1977-09-09', '2011', 7605),
(898, '7605110990201401', 'Septania Mawarni', 'Solo', '1990-09-11', '2014', 7605),
(899, '7605121172201101', 'Laras Narimanda', 'Solo', '1972-11-12', '2011', 7605),
(900, '7605220381201601', 'Indi Alghifari', 'Solo', '1981-03-22', '2016', 7605),
(901, '8101070770199401', 'Elza Dewanta', 'Solo', '1970-07-07', '1994', 8101),
(902, '8101111161198701', 'Rofiqotul Kasta', 'Solo', '1961-11-11', '1987', 8101),
(903, '8101171086200901', 'Alvira Kartikasari', 'Solo', '1986-10-17', '2009', 8101),
(904, '8101220272198701', 'Chusnur Asmarandana', 'Solo', '1972-02-22', '2001', 8101),
(905, '8101290670199401', 'Indah Tambunan', 'Solo', '1970-06-29', '1994', 8101),
(906, '8101301088201001', 'Valerie Tiodimar', 'Solo', '1988-10-30', '2010', 8101),
(907, '8102010179200001', 'Chairinaya Faradillah', 'Solo', '1979-01-01', '2000', 8102),
(908, '8102010179201701', 'Widya Erditya', 'Solo', '1979-01-01', '2017', 8102),
(909, '8102060987201101', 'Desyandi Hidayati', 'Solo', '1987-09-06', '2011', 8102),
(910, '8102090968200001', 'Septi Langit', 'Solo', '1968-09-09', '2000', 8102),
(911, '8102270574199901', 'Chitra Alika Onnara', 'Solo', '1974-05-27', '1999', 8102),
(912, '8102290182201701', 'Arrum Tiari Ulfania', 'Solo', '1982-01-29', '2017', 8102),
(913, '8103030170201801', 'Tasya Indi Sjukri', 'Solo', '1970-03-03', '2018', 8103),
(914, '8103040474200001', 'Anggita Pratiwi', 'Solo', '1974-04-04', '2000', 8103),
(915, '8103040474200002', 'Agnes Delmeizar', 'Solo', '1974-04-04', '2000', 8103),
(916, '8103160877200101', 'Maratun Larascaesara', 'Solo', '1977-08-16', '2001', 8103),
(917, '8103190980200001', 'Nita Tanjung', 'Solo', '1980-09-19', '2000', 8103),
(918, '8103251080200001', 'Ossi Qonita', 'Solo', '1980-10-25', '2000', 8103),
(919, '8104010292200801', 'Fitria Fajriah', 'Solo', '1992-02-01', '2008', 8104),
(920, '8104020393201401', 'Novi Syaraswati', 'Solo', '1993-03-02', '2014', 8104),
(921, '8104030787201301', 'Dhia Isham', 'Solo', '1987-07-03', '2013', 8104),
(922, '8104150967201201', 'Carol Mega Azis', 'Solo', '1967-09-15', '2012', 8104),
(923, '8104300378199901', 'Viniatry Ernando', 'Solo', '1978-03-30', '1999', 8104),
(924, '8104300378201301', 'Rizky Widyasmoro', 'Solo', '1978-03-30', '2013', 8104),
(925, '8105010466200401', 'Della Randhika', 'Solo', '1966-04-01', '2004', 8105),
(926, '8105090977200401', 'Lady Dinanti', 'Solo', '1977-09-09', '2004', 8105),
(927, '8105090977201101', 'Fildzah Reny Azhar', 'Solo', '1977-09-09', '2011', 8105),
(928, '8105110990201401', 'Luthfia Loren', 'Solo', '1990-09-11', '2014', 8105),
(929, '8105121172201101', 'Maria Geryance', 'Solo', '1972-11-12', '2011', 8105),
(930, '8105220381201601', 'Paramitha Farzilah', 'Solo', '1981-03-22', '2016', 8105),
(931, '8201070770199401', 'Tari Oktafiyanti', 'Solo', '1970-07-07', '1994', 8201),
(932, '8201111161198701', 'Adzkiya Saliha Primanelza', 'Solo', '1961-11-11', '1987', 8201),
(933, '8201171086200901', 'Yenny Soleha', 'Sidoarjo', '1986-10-17', '2009', 8201),
(934, '8201220272198701', 'Mercy Prayogi', 'Sidoarjo', '1972-02-22', '2001', 8201),
(935, '8201290670199401', 'Nanda Haq', 'Sidoarjo', '1970-06-29', '1994', 8201),
(936, '8201301088201001', 'Sabrina Maulinda', 'Sidoarjo', '1988-10-30', '2010', 8201),
(937, '8202010179200001', 'Ghina Alika', 'Sidoarjo', '1979-01-01', '2000', 8202),
(938, '8202010179201701', 'Fitrawati Shella', 'Sidoarjo', '1979-01-01', '2017', 8202),
(939, '8202060987201101', 'Riryparas Fiora', 'Sidoarjo', '1987-09-06', '2011', 8202),
(940, '8202090968200001', 'Dea Ersyahputra', 'Sidoarjo', '1968-09-09', '2000', 8202),
(941, '8202270574199901', 'Elke Nizliandry', 'Sidoarjo', '1974-05-27', '1999', 8202),
(942, '8202290182201701', 'Ismiranti Hotasi', 'Sidoarjo', '1982-01-29', '2017', 8202),
(943, '8203030170201801', 'Rifanny Novitasari', 'Sidoarjo', '1970-03-03', '2018', 8203),
(944, '8203040474200001', 'Ranea Oktaviaman', 'Sidoarjo', '1974-04-04', '2000', 8203),
(945, '8203040474200002', 'Fiani Natasya', 'Sidoarjo', '1974-04-04', '2000', 8203),
(946, '8203160877200101', 'Shifa Ayudhani', 'Sidoarjo', '1977-08-16', '2001', 8203),
(947, '8203190980200001', 'Hanindita Fauziyah', 'Sidoarjo', '1980-09-19', '2000', 8203),
(948, '8203251080200001', 'Syarifah Sabri', 'Sidoarjo', '1980-10-25', '2000', 8203),
(949, '8204010292200801', 'Riski Anwar', 'Sidoarjo', '1992-02-01', '2008', 8204),
(950, '8204020393201401', 'Cynthia Wiratmansyah', 'Sidoarjo', '1993-03-02', '2014', 8204),
(951, '8204030787201301', 'Assalia Raisid', 'Sidoarjo', '1987-07-03', '2013', 8204),
(952, '8204150967201201', 'Hallira Ramadhani', 'Sidoarjo', '1967-09-15', '2012', 8204),
(953, '8204300378199901', 'Yanti Rompas', 'Sidoarjo', '1978-03-30', '1999', 8204),
(954, '8204300378201301', 'Vinny Indriastari', 'Sidoarjo', '1978-03-30', '2013', 8204),
(955, '8205010466200401', 'Imroatun Mirza', 'Sidoarjo', '1966-04-01', '2004', 8205),
(956, '8205090977200401', 'Erma Agustiana', 'Sidoarjo', '1977-09-09', '2004', 8205),
(957, '8205090977201101', 'Moerdiati Tika', 'Sidoarjo', '1977-09-09', '2011', 8205),
(958, '8205110990201401', 'Fildzhah Noor', 'Sidoarjo', '1990-09-11', '2014', 8205),
(959, '8205121172201101', 'Diajeng Bisri', 'Sidoarjo', '1972-11-12', '2011', 8205),
(960, '8205220381201601', 'Chitra Agtrivia', 'Sidoarjo', '1981-03-22', '2016', 8205),
(961, '9101070770199401', 'Janiar Elliza Nopilianti', 'Sidoarjo', '1970-07-07', '1994', 9101),
(962, '9101111161198701', 'Indira Wulandari', 'Sidoarjo', '1961-11-11', '1987', 9101),
(963, '9101171086200901', 'Marini Syaraswati', 'Sidoarjo', '1986-10-17', '2009', 9101),
(964, '9101220272198701', 'Servita Nistiyana', 'Sidoarjo', '1972-02-22', '2001', 9101),
(965, '9101290670199401', 'Clara Ayuningtyas Hidayatullah', 'Sidoarjo', '1970-06-29', '1994', 9101),
(966, '9101301088201001', 'Syavira Jaya', 'Sidoarjo', '1988-10-30', '2010', 9101),
(967, '9102010179200001', 'Maureen Hamdi', 'Sidoarjo', '1979-01-01', '2000', 9102),
(968, '9102010179201701', 'Mardhiyah Pramanda', 'Sidoarjo', '1979-01-01', '2017', 9102),
(969, '9102060987201101', 'Saliha Zulaeha', 'Sidoarjo', '1987-09-06', '2011', 9102),
(970, '9102090968200001', 'Silviana Prasanti', 'Sidoarjo', '1968-09-09', '2000', 9102),
(971, '9102270574199901', 'Gracia Yunika', 'Sidoarjo', '1974-05-27', '1999', 9102),
(972, '9102290182201701', 'Avrilla Novita', 'Sidoarjo', '1982-01-29', '2017', 9102),
(973, '9103030170201801', 'Raelita Syafjulianti', 'Sidoarjo', '1970-03-03', '2018', 9103),
(974, '9103040474200001', 'Suci Dessy Mayasopha', 'Sidoarjo', '1974-04-04', '2000', 9103),
(975, '9103040474200002', 'Liandra Larashaty', 'Sidoarjo', '1974-04-04', '2000', 9103),
(976, '9103160877200101', 'Kharisma Pradana', 'Sidoarjo', '1977-08-16', '2001', 9103),
(977, '9103190980200001', 'Ayulia Anwar', 'Sidoarjo', '1980-09-19', '2000', 9103),
(978, '9103251080200001', 'Qatrun Saputri', 'Sidoarjo', '1980-10-25', '2000', 9103),
(979, '9104010292200801', 'Jenny Yasin', 'Sidoarjo', '1992-02-01', '2008', 9104),
(980, '9104020393201401', 'Nadiya Mitsuko', 'Sidoarjo', '1993-03-02', '2014', 9104),
(981, '9104030787201301', 'Galih Maulana', 'Sidoarjo', '1987-07-03', '2013', 9104),
(982, '9104150967201201', 'Chairinaya Hakim', 'Sidoarjo', '1967-09-15', '2012', 9104),
(983, '9104300378199901', 'Tresna Tarigan', 'Sidoarjo', '1978-03-30', '1999', 9104),
(984, '9104300378201301', 'Wulan Christy Khairunisa', 'Sidoarjo', '1978-03-30', '2013', 9104),
(985, '9105010466200401', 'Syarifah Angel Villaransi', 'Sidoarjo', '1966-04-01', '2004', 9105),
(986, '9105090977200401', 'Desi Wahyuni', 'Sidoarjo', '1977-09-09', '2004', 9105),
(987, '9105090977201101', 'Renita Nufus', 'Sidoarjo', '1977-09-09', '2011', 9105),
(988, '9105110990201401', 'Mentari Gustika', 'Sidoarjo', '1990-09-11', '2014', 9105),
(989, '9105121172201101', 'Cynthia Selenia', 'Sidoarjo', '1972-11-12', '2011', 9105),
(990, '9105220381201601', 'Rofiqotul Daniela', 'Sidoarjo', '1981-03-22', '2016', 9105),
(991, '9401070770199401', 'Fika Ratu Arrauf', 'Sidoarjo', '1970-07-07', '1994', 9401),
(992, '9401111161198701', 'Yasmine Umaeroh', 'Sidoarjo', '1961-11-11', '1987', 9401),
(993, '9401171086200901', 'Vanny Noviana', 'Sidoarjo', '1986-10-17', '2009', 9401),
(994, '9401220272198701', 'Dian Loren', 'Sidoarjo', '1972-02-22', '2001', 9401),
(995, '9401290670199401', 'Irani Asjari', 'Sidoarjo', '1970-06-29', '1994', 9401),
(996, '9401301088201001', 'Imelda Randhika', 'Sidoarjo', '1988-10-30', '2010', 9401),
(997, '9402010179200001', 'Efrinda Wiratmansyah', 'Sidoarjo', '1979-01-01', '2000', 9402),
(998, '9402010179201701', 'Yuliana Ashim', 'Sidoarjo', '1979-01-01', '2017', 9402),
(999, '9402060987201101', 'Ghina Hardianti', 'Sidoarjo', '1987-09-06', '2011', 9402),
(1000, '9402090968200001', 'Vina Nugroho', 'Sidoarjo', '1968-09-09', '2000', 9402),
(1001, '9402270574199901', 'Eko Deddy Johan', 'Sidoarjo', '1974-05-27', '1999', 9402),
(1002, '9402290182201701', 'Sugiarto Ivan Setiawan', 'Sidoarjo', '1982-01-29', '2017', 9402),
(1003, '9403030170201801', 'Limputra Xiaobo', 'Sidoarjo', '1970-03-03', '2018', 9403),
(1004, '9403040474200001', 'Daritan Xing', 'Sidoarjo', '1974-04-04', '2000', 9403),
(1005, '9403040474200002', 'Hendrik Jade', 'Sidoarjo', '1974-04-04', '2000', 9403),
(1006, '9403160877200101', 'Barak Kacaribu', 'Sidoarjo', '1977-08-16', '2001', 9403),
(1007, '9403190980200001', 'Nicodemus Harahap', 'Sidoarjo', '1980-09-19', '2000', 9403),
(1008, '9403251080200001', 'Nathan Kudadiri', 'Sidoarjo', '1980-10-25', '2000', 9403),
(1009, '9404010292200801', 'Irwan Suryadi Salim', 'Sidoarjo', '1992-02-01', '2008', 9404),
(1010, '9404020393201401', 'Lianto Jaw-long', 'Sidoarjo', '1993-03-02', '2014', 9404),
(1011, '9404030787201301', 'Tenggara Xiaojian', 'Sidoarjo', '1987-07-03', '2013', 9404),
(1012, '9404150967201201', 'Hugo Wattimena', 'Sidoarjo', '1967-09-15', '2012', 9404),
(1013, '9404300378199901', 'Isaiah Debataraja', 'Sidoarjo', '1978-03-30', '1999', 9404),
(1014, '9404300378201301', 'Javan Larosa', 'Sidoarjo', '1978-03-30', '2013', 9404),
(1015, '9405010466200401', 'Barnabas Hutagalung', 'Sidoarjo', '1966-04-01', '2004', 9405),
(1016, '9405090977200401', 'Loekmantoro Shihong', 'Sidoarjo', '1977-09-09', '2004', 9405),
(1017, '9405090977201101', 'Hoanita Chow', 'Sidoarjo', '1977-09-09', '2011', 9405),
(1018, '9405110990201401', 'Fraukje Benyamin', 'Sidoarjo', '1990-09-11', '2014', 9405),
(1019, '9405121172201101', 'Merry Daulay', 'Sidoarjo', '1972-11-12', '2011', 9405),
(1020, '9405220381201601', 'Angela Parmentin', 'Sidoarjo', '1981-03-22', '2016', 9405);

-- --------------------------------------------------------

--
-- Table structure for table `provinsi`
--

DROP TABLE IF EXISTS `provinsi`;
CREATE TABLE `provinsi` (
  `id` bigint(20) NOT NULL,
  `nama` varchar(255) NOT NULL,
  `presentase_tunjangan` double NOT NULL
) ENGINE=InnoDB DEFAULT CHARSET=latin1;

--
-- Truncate table before insert `provinsi`
--

TRUNCATE TABLE `provinsi`;
--
-- Dumping data for table `provinsi`
--

INSERT INTO `provinsi` (`id`, `nama`, `presentase_tunjangan`) VALUES
(11, 'ACEH', 36),
(12, 'SUMATERA UTARA', 25),
(13, 'SUMATERA BARAT', 41),
(14, 'RIAU', 29),
(15, 'JAMBI', 34),
(16, 'SUMATERA SELATAN', 18),
(17, 'BENGKULU', 21),
(18, 'LAMPUNG', 40),
(19, 'KEPULAUAN BANGKA BELITUNG', 14),
(21, 'KEPULAUAN RIAU', 32),
(31, 'DKI JAKARTA', 16),
(32, 'JAWA BARAT', 31),
(33, 'JAWA TENGAH', 33),
(34, 'DI YOGYAKARTA', 38),
(35, 'JAWA TIMUR', 30),
(36, 'BANTEN', 39),
(51, 'BALI', 38),
(52, 'NUSA TENGGARA BARAT', 18),
(53, 'NUSA TENGGARA TIMUR', 42),
(61, 'KALIMANTAN BARAT', 24),
(62, 'KALIMANTAN TENGAH', 43),
(63, 'KALIMANTAN SELATAN', 33),
(64, 'KALIMANTAN TIMUR', 33),
(65, 'KALIMANTAN UTARA', 17),
(71, 'SULAWESI UTARA', 31),
(72, 'SULAWESI TENGAH', 37),
(73, 'SULAWESI SELATAN', 43),
(74, 'SULAWESI TENGGARA', 26),
(75, 'GORONTALO', 31),
(76, 'SULAWESI BARAT', 45),
(81, 'MALUKU', 47),
(82, 'MALUKU UTARA', 15),
(91, 'PAPUA BARAT', 46),
(94, 'PAPUA', 11);

--
-- Indexes for dumped tables
--

--
-- Indexes for table `instansi`
--
ALTER TABLE `instansi`
  ADD PRIMARY KEY (`id`),
  ADD KEY `id_provinsi` (`id_provinsi`);

--
-- Indexes for table `jabatan`
--
ALTER TABLE `jabatan`
  ADD PRIMARY KEY (`id`);

--
-- Indexes for table `jabatan_pegawai`
--
ALTER TABLE `jabatan_pegawai`
  ADD PRIMARY KEY (`id`),
  ADD KEY `id_pegawai` (`id_pegawai`),
  ADD KEY `id_jabatan` (`id_jabatan`);

--
-- Indexes for table `pegawai`
--
ALTER TABLE `pegawai`
  ADD PRIMARY KEY (`id`),
  ADD UNIQUE KEY `NIP` (`NIP`),
  ADD KEY `id_instansi` (`id_instansi`);

--
-- Indexes for table `provinsi`
--
ALTER TABLE `provinsi`
  ADD PRIMARY KEY (`id`);

--
-- AUTO_INCREMENT for dumped tables
--

--
-- AUTO_INCREMENT for table `instansi`
--
ALTER TABLE `instansi`
  MODIFY `id` bigint(20) NOT NULL AUTO_INCREMENT, AUTO_INCREMENT=9406;
--
-- AUTO_INCREMENT for table `jabatan`
--
ALTER TABLE `jabatan`
  MODIFY `id` bigint(20) NOT NULL AUTO_INCREMENT, AUTO_INCREMENT=21;
--
-- AUTO_INCREMENT for table `jabatan_pegawai`
--
ALTER TABLE `jabatan_pegawai`
  MODIFY `id` bigint(20) NOT NULL AUTO_INCREMENT, AUTO_INCREMENT=1234;
--
-- AUTO_INCREMENT for table `pegawai`
--
ALTER TABLE `pegawai`
  MODIFY `id` bigint(20) NOT NULL AUTO_INCREMENT, AUTO_INCREMENT=1021;
--
-- AUTO_INCREMENT for table `provinsi`
--
ALTER TABLE `provinsi`
  MODIFY `id` bigint(20) NOT NULL AUTO_INCREMENT, AUTO_INCREMENT=95;
--
-- Constraints for dumped tables
--

--
-- Constraints for table `instansi`
--
ALTER TABLE `instansi`
  ADD CONSTRAINT `instansi_ibfk_1` FOREIGN KEY (`id_provinsi`) REFERENCES `provinsi` (`id`) ON UPDATE CASCADE;

--
-- Constraints for table `jabatan_pegawai`
--
ALTER TABLE `jabatan_pegawai`
  ADD CONSTRAINT `jabatan_pegawai_ibfk_2` FOREIGN KEY (`id_pegawai`) REFERENCES `pegawai` (`id`) ON UPDATE CASCADE,
  ADD CONSTRAINT `jabatan_pegawai_ibfk_3` FOREIGN KEY (`id_jabatan`) REFERENCES `jabatan` (`id`) ON UPDATE CASCADE;

--
-- Constraints for table `pegawai`
--
ALTER TABLE `pegawai`
  ADD CONSTRAINT `pegawai_ibfk_1` FOREIGN KEY (`id_instansi`) REFERENCES `instansi` (`id`) ON UPDATE CASCADE;

/*!40101 SET CHARACTER_SET_CLIENT=@OLD_CHARACTER_SET_CLIENT */;
/*!40101 SET CHARACTER_SET_RESULTS=@OLD_CHARACTER_SET_RESULTS */;
/*!40101 SET COLLATION_CONNECTION=@OLD_COLLATION_CONNECTION */;
